Year,Province,GDP,CPI,Population,Graduations_College,Graduations_University,Total_retail_sales,First_industry,Second_industry,Third_industry,Natural_Population_growth_rate,unemployment_rate
2008,Shanghai,14536.9,105.78257,2140.643464,5.619,7.6945,4577.2,109.4,6215.5,8212.1,2.72,4.2
2008,Yunnan,6016.6,105.69938,4543,4.3474,4.4059,1764.7,1001.9,2476.1,2538.6,6.32,4.21
2008,Neimenggu,6242.4,105.74208,2444.33,4.6597,3.2567,2463,902.9,2555.1,2784.4,4.27,4.1
2008,Beijing,11813.1,105.06181,1771,4.3856,11.6409,4645.5,111.4,2526.7,9175.1,3.42,1.82
2008,Jilin,4834.7,105.1134,2734.21,3.9125,8.9515,2549.2,863.6,1788,2183.2,1.61,3.98
2008,Sichuan,12756.2,105.0725,8138,13.0158,13.0174,4944.8,2139,5766.5,4850.8,2.39,4.57
2008,Tianjin,5182.4,105.40358,1176,4.8496,5.5899,2078.7,116.6,2659.7,2406.1,2.19,3.6
2008,Ningxia,1139.2,108.48096,617.69,0.8896,0.8038,295.4,112.9,558.1,468.2,9.69,4.35
2008,Anhui,9517.7,106.16777,6135,12.4093,8.3682,3045.2,1313.1,4194.5,4010.1,6.45,3.92
2008,Shandong,27106.2,105.29175,9417.23,25.2638,18.1963,10658.8,2876.2,14911.5,9318.5,5.09,3.7
2008,Shanxi,7223,107.19387,3410.64,9.5918,5.8578,2421.1,373.6,4389,2460.5,5.31,3.29
2008,Guangdong,36704.2,105.59726,9893.48,17.9314,13.9332,12986.6,1920.8,18519.4,16264,7.25,2.56
2008,Guangxi,6455.4,107.78253,4816,7.9977,4.4248,2395.8,1422.3,2466,2567.2,8.7,3.75
2008,Xinjiang,4142.5,108.05579,2130.81,2.9649,2.9776,1041.5,646.9,1991.8,1503.8,11.17,3.7
2008,Jiangsu,30945.5,105.36368,7762.482,23.3586,19.3794,9905.1,1988.2,17051.1,11906.2,2.3,3.25
2008,Jiangxi,6934.2,106.04634,4400.1038,13.2473,8.4445,2142,1014.5,3518.8,2400.9,7.91,3.42
2008,Hebei,14200.1,106.1999,6988.82,18.2709,10.1588,4991.1,1956.8,6981.5,5261.8,6.55,3.96
2008,Henan,17735.9,107.03093,9429,20.7471,13.0773,5815.4,2575.8,9713.4,5446.7,4.97,3.4
2008,Zhejiang,21284.6,105.0287,5212.4,12.1513,10.3413,7533.3,1073.3,11512.7,8698.6,4.58,3.49
2008,Hainan,1474.7,106.92515,854.18,2.1134,1.1695,463.2,423.6,412.6,638.5,8.99,3.72
2008,Hubei,11497.5,106.2677,5711,17.8049,15.2073,5109.7,1716,5066.2,4715.2,2.71,4.2
2008,Hunan,11307.4,106.02449,6380,14.7704,10.8347,4222.6,1761.8,4870,4675.6,5.4,4.2
2008,Gansu,3071.7,108.20965,2550.88,4.4543,4.0006,1023.6,391.2,1429.9,1250.5,6.54,3.23
2008,Fujian,10931.8,104.55067,3639,7.8451,6.8803,3866.7,1096.1,5387,4448.7,6.3,3.86
2008,Xizang,398.2,105.7208,292.33,0.3746,0.4685,130,57.6,110.8,229.8,10.3,0
2008,Guizhou,3504.5,107.5886,3595.98,3.444,3.1511,1075.2,522.6,1437.7,1544.2,6.72,3.98
2008,Liaoning,12137.7,104.63714,4315,8.1383,13.0041,5032.4,1215.7,6273.1,4648.9,1.1,3.9
2008,Chongqing,5899.5,105.5714,2839,5.4249,6.2878,2147.1,555.1,2651.8,2692.7,3.8,3.96
2008,Shannxi,7177.8,106.35907,3718,10.3525,11.1173,2317.1,717.5,3666.1,2794.2,4.08,3.91
2008,Qinghai,896.9,110.0865,554.3,0.5471,0.5662,259.7,103.6,350.3,443,8.35,3.8
2008,Heilongjiang,7134.2,105.55505,3825.04,8.0787,9.6422,2928.3,1073.8,3935,2125.4,2.23,4.23
2009,Shanghai,15742.4,99.5921,2210.284128,5.6627,8.4454,5173.2,112.4,6184.8,9445.3,2.7,4.26
2009,Yunnan,6574.4,100.3968,4571,4.8864,4.8173,2051.1,1049.7,2605.4,2919.3,6.08,4.26
2009,Neimenggu,7104.2,99.7349,2458.22,5.9449,3.7224,2855.3,934.9,2916,3253.4,3.96,3.97
2009,Beijing,12900.9,98.4583,1860,4.3203,11.4993,5309.9,116.8,2736.4,10047.7,3.5,1.44
2009,Jilin,5434.8,100.0708,2739.55,5.0024,8.7351,2957.3,888.6,2055.1,2491.1,1.95,3.95
2009,Sichuan,14190.6,100.7951,8185,15.5014,13.0941,5758.7,2160.4,6653.2,5377,2.72,4.34
2009,Tianjin,5709.6,99.0252,1228.16,5.0162,5.8279,2430.8,119.5,2808.7,2781.3,2.6,3.6
2009,Ningxia,1266.7,100.7481,625.2,1.053,0.9755,339.3,120.4,593,553.2,9.68,4.4
2009,Anhui,10864.7,99.0939,6131,14.3422,9.222,3527.8,1382.7,4918.7,4563.4,6.47,3.92
2009,Shandong,29540.8,99.9976,9470.3,26.6565,18.539,12363,3076.2,15919.7,10544.9,5.62,3.4
2009,Shanxi,7147.6,99.5806,3427.36,10.6092,6.0523,2809,443.5,4091.2,2613,4.89,3.86
2009,Guangdong,39464.7,97.6538,10130.18546,18.622,15.8488,14891.8,1946,19439.7,18079,7.26,2.6
2009,Guangxi,7112.9,97.8552,4856,9.2037,5.0404,2790.7,1425.5,2715.3,2972.1,8.53,3.74
2009,Xinjiang,4237,100.7383,2158.63,3.4989,2.9888,1177.5,704.9,1846,1686.1,10.56,3.84
2009,Jiangsu,34471.7,99.5699,7810.269,28.9441,20.6591,11484.1,2143.6,18667.2,13660.9,2.56,3.22
2009,Jiangxi,7630,99.3414,4432.1581,14.4857,8.3306,2484.4,1062.1,3882.7,2685.2,7.89,3.44
2009,Hebei,15306.9,99.3215,7034.4,19.0215,10.9607,5764.9,2121.8,7164.4,6020.7,6.5,3.93
2009,Henan,19181,99.417,9487.05,24.617,13.8629,6746.4,2665.7,10324.6,6190.8,4.99,3.5
2009,Zhejiang,22833.7,98.4725,5275.5,12.7,11.3199,8622.3,1134.7,11882.4,9816.7,4.63,3.26
2009,Hainan,1620.3,99.3212,864.07,2.474,1.4185,537.5,448.1,432.4,739.8,8.96,3.48
2009,Hubei,13192.1,99.586,5720,18.5224,15.1599,5928.4,1717.3,6035.5,5439.3,3.48,4.21
2009,Hunan,12772.8,99.6415,6406,16.617,11.0942,4913.7,1795.8,5494.7,5482.3,6.11,4.14
2009,Gansu,3268.3,101.2543,2554.91,4.7991,4.6266,1183,418.4,1473.2,1376.6,6.61,3.25
2009,Fujian,12418.1,98.1887,3666,8.3235,7.5094,4481,1108.8,6129.1,5180.2,6.2,3.9
2009,Xizang,445.7,101.4086,295.84,0.3161,0.4674,156.6,60.5,130.1,255.1,10.24,3.8
2009,Guizhou,3856.7,98.7179,3537,4.2384,3.3692,1247.3,531.2,1574.9,1750.6,6.96,3.81
2009,Liaoning,12815.7,100.0494,4341,8.8293,13.7561,5812.6,1297.3,6539.3,4979.1,0.97,3.87
2009,Chongqing,6651.2,98.3638,2859,5.6794,6.8027,2479,581.1,3016.8,3053.4,3.7,3.96
2009,Shannxi,7997.8,100.5234,3727,12.3689,11.5463,2699.7,751.6,4017.5,3228.7,4,3.94
2009,Qinghai,939.7,102.6477,557.3,0.5635,0.601,300.5,105.3,365.7,468.7,8.32,3.8
2009,Heilongjiang,7218.9,100.1869,3826.01,8.2982,10.0032,3401.8,1141.9,3668.1,2409,2.06,4.27
2010,Shanghai,17915.4,103.1056,2302.66,5.5919,8.8673,6186.6,114.5,7434.9,10366.1,1.98,4.35
2010,Yunnan,7735.3,103.7319,4601.6,5.9338,5.1629,2555.8,1090.3,3267.7,3377.3,6.54,4.21
2010,Neimenggu,8199.9,103.2023,2472.18,5.571,4.26,3384.00401,1097.8,3420.5,3681.6,3.76,3.9
2010,Beijing,14964,102.4001,1961.9,4.3092,11.595,6340.3,122.8,3233.1,11608.1,3.07,1.37
2010,Jilin,6410.5,103.7021,2746.6,5.0087,9.2654,3504.91606,928.4,2485.8,2996.3,2.03,3.8
2010,Sichuan,17224.8,103.1787,8044.92,15.4856,14.3775,6884.8,2384.9,8283.2,6556.7,2.31,4.14
2010,Tianjin,6830.8,103.5496,1299.29,5.2043,6.009,2860.2,131.7,3259.7,3439.3,2.6,3.6
2010,Ningxia,1571.7,104.071,632.96,0.9704,1.0332,418.5,151.4,733.4,686.9,9.04,4.35
2010,Anhui,13249.8,103.1392,5956.7,15.1396,10.7316,4300.5,1600.6,6396,5253.2,6.75,3.66
2010,Shandong,33922.5,102.9347,9587.87,29.5365,18.207,14620.34362,3411.3,17733.1,12778.1,5.39,3.36
2010,Shanxi,8903.9,103.0185,3574.11,8.8694,6.5192,3318.15477,510.4,5349.6,3043.9,5.3,3.58
2010,Guangdong,45944.6,103.1212,10440.94,20.0798,16.8536,17458.444,2199.6,22917.4,20827.6,6.97,2.52
2010,Guangxi,8552.4,102.9844,4610,9.6445,5.8324,3311.9968,1639.7,3465.2,3447.6,8.65,3.66
2010,Xinjiang,5360.2,104.3303,2185,3.4005,3.1966,1386.1,1000.3,2479.8,1880.1,10.56,3.23
2010,Jiangsu,41383.9,103.8132,7869.34,25.5894,23.2469,13606.3,2409.2,21853.6,17121,2.85,3.16
2010,Jiangxi,9383.2,103.0443,4462.2489,14.54,8.7077,2971,1147.6,5083.1,3152.5,7.66,3.31
2010,Hebei,18003.6,103.074,7193.6,19.1529,12.2466,6821.7916,2473.1,8470.5,7060,6.81,3.86
2010,Henan,22655,103.5284,9405.47,27.2776,15.4976,8004.2238,3127.1,12173.5,7354.4,4.95,3.38
2010,Zhejiang,27399.9,103.8375,5446.51,12.4005,12.1403,10387,1322.9,14140.9,11936.1,4.73,3.2
2010,Hainan,2020.5,104.8372,868.55,2.3973,1.6525,663.8,521.9,528.6,970.1,8.98,3
2010,Hubei,16226.9,102.9134,5727.9143,20.7332,15.8915,7014.4,2043.2,7748.3,6435.5,4.34,4.18
2010,Hunan,15574.3,103.1133,6570.1,16.6226,12.1979,5952.6,2073.2,7034.7,6466.4,6.4,4.16
2010,Gansu,3943.7,104.1007,2559.98,4.8222,5.1995,1435.5,472.6,1910.4,1560.8,6.03,3.21
2010,Fujian,15002.5,103.2208,3693,9.6028,8.2609,5310.02699,1269.9,7705.3,6027.4,6.11,3.77
2010,Xizang,512.9,102.2002,300.22,0.3395,0.4618,192.4,64.8,155,293.1,10.25,3.99
2010,Guizhou,4519,102.9239,3479,4.6302,3.847,1531.6,602.8,1820.7,2095.5,7.41,3.64
2010,Liaoning,13896.3,103.0412,4375,9.7421,14.5186,6887.64341,1468.9,7181.8,5245.5,0.42,3.63
2010,Chongqing,8065.3,103.2477,2884.62,6.2368,7.1991,3051.1,649.5,3624.1,3791.7,2.77,3.9
2010,Shannxi,9845.2,103.9711,3735,13.7854,12.26,3257.5,946.7,5071.5,3827,3.72,3.85
2010,Qinghai,1144.2,105.3541,563.47,0.6811,0.6209,351,132.6,444.2,567.4,8.63,3.8
2010,Heilongjiang,8308.3,103.8951,3833.35,8.9462,10.9616,4039.21848,1291.8,4146.1,2870.4,2.32,4.27
2011,Shanghai,20009.7,105.177244,2356,5.2383,9.0926,7185.829127,126.4,8169.3,11713.9,1.87,3.54
2011,Yunnan,9523.1,104.8549646,4620,6.0483,6.0178,3105.885026,1396.6,3811.4,4315.1,6.35,4.05
2011,Neimenggu,9458.1,105.5808931,2470,5.895,4.6919,3991.70905,1309.7,4044,4104.4,3.51,3.8
2011,Beijing,17188.8,105.6359038,2024,4.2304,11.8225,7222.169576,134.5,3563.3,13491,4.02,1.39
2011,Jilin,7734.6,105.2456651,2725,4.8685,9.8931,4119.81745,1105.9,2931.4,3697.4,1.02,3.7
2011,Sichuan,21050.9,105.3398928,8064,13.5607,16.0569,8290.836566,2854.6,10014.4,8181.9,2.98,4.16
2011,Tianjin,8112.5,104.8515094,1341,5.1546,6.4941,3395.05613,141.1,3756.3,4215.2,2.5,3.6
2011,Ningxia,1931.8,106.3381709,648,0.9072,1.2111,515.4914874,175,919.8,837,8.97,4.4
2011,Anhui,16284.9,105.5624626,5972,15.2077,11.6243,5288.227404,1868,8189.1,6227.8,6.32,3.74
2011,Shandong,39064.9,105.0201593,9665,27.0381,20.8738,17155.49475,3768.6,19926.1,15370.3,5.1,3.35
2011,Shanxi,10894.4,105.2128924,3562,9.0667,7.2495,3903.41145,586.6,6750.2,3557.7,4.86,3.48
2011,Guangdong,53072.8,105.3210056,10756,22.9664,18.7075,20297.51515,2553.2,26161.1,24358.5,6.1,2.46
2011,Guangxi,10299.9,105.9048406,4655,10.3265,6.3961,3908.2299,2006.4,4241.2,4052.3,7.67,3.46
2011,Xinjiang,6532,105.9492185,2225,3.489,3.2082,1662.353912,1047.2,3093.4,2391.4,10.57,3.22
2011,Jiangsu,48839.2,105.3297384,8023,24.5211,23.9357,16058.31153,2908.8,25231.2,20699.2,2.61,3.22
2011,Jiangxi,11584.5,105.2492586,4474,13.7193,9.5994,3560.478966,1320.5,6338,3926,7.5,2.98
2011,Hebei,21384.7,105.6961013,7232,18.3503,13.5428,8035.50089,2702.8,10275.5,8406.4,6.5,3.75
2011,Henan,26318.7,105.6274776,9461,26.6552,17.0263,9453.60217,3349.3,14021.6,8947.8,4.94,3.35
2011,Zhejiang,31854.8,105.3834023,5570,12.3204,13.0679,12532.80304,1535.2,16271,14048.6,4.07,3.12
2011,Hainan,2463.8,106.0657114,890,2.4187,1.8157,822.5462345,636.6,671.3,1155.9,8.97,1.73
2011,Hubei,19942.5,105.7593183,5760,18.7694,17.0124,8363.344352,2469.2,9766.1,7707.1,4.38,4.1
2011,Hunan,18915,105.5278989,6581,17.4779,13.4235,7208.986062,2420,8883.6,7611.4,6.55,4.21
2011,Gansu,4816.9,105.8674296,2552,4.6012,5.8456,1772.946169,525.6,2288.6,2002.7,6.05,3.11
2011,Fujian,17917.7,105.2632179,3784,9.1497,9.1533,6276.1676,1492.2,9316.6,7109,6.21,3.69
2011,Xizang,611.5,104.994207,309,0.3299,0.4518,237.4746874,69.8,195.6,346.1,10.26,3.2
2011,Guizhou,5615.6,105.1467181,3530,4.6813,4.076,1899.919693,699.6,2258.9,2657.1,6.38,3.63
2011,Liaoning,16354.9,105.1655463,4379,8.9325,15.1556,8095.3216,1693.4,8478.7,6182.9,-0.34,3.68
2011,Chongqing,10161.2,105.3025618,2944,6.412,7.757,3782.330028,794.1,4571.3,4795.8,3.17,3.5
2011,Shannxi,12175.1,105.7032539,3765,13.2863,13.5035,3900.576181,1187.4,6484.3,4503.4,3.69,3.59
2011,Qinghai,1370.4,106.1384082,568,0.5253,0.6698,413.3523444,152.6,553.1,664.6,8.31,3.76
2011,Heilongjiang,9935,105.8289998,3782,8.6613,11.933,4750.13295,1695.5,4916.3,3323.2,1.07,4.1
2012,Shanghai,21305.6,102.8344176,2399,9.0602,5.13,7840.398861,129.3,8174.1,13002.1,4.2,3.05
2012,Yunnan,11097.4,102.7339839,4631,6.6413,6.3341,3597.850715,1640.4,4458.4,4998.6,6.22,4.03
2012,Neimenggu,10470.1,103.1022099,2464,5.1664,5.9939,4572.54639,1453.2,4553.6,4463.3,3.65,3.73
2012,Beijing,19024.7,103.2581733,2078,11.9139,3.7853,8123.53849,148.4,3856,15020.3,4.74,1.27
2012,Jilin,8678,102.4884618,2698,10.4455,4.3231,4772.94043,1195.6,3315.2,4167.2,0.36,3.65
2012,Sichuan,23922.4,102.5345852,8085,16.966,15.7133,9621.995734,3142.6,11231.1,9548.8,2.97,4.02
2012,Tianjin,9043,102.726286,1378,7.0483,5.4593,3921.42859,147.9,4134,4761.1,2.63,3.6
2012,Ningxia,2131,102.0347925,659,1.2853,0.9908,590.5424199,189,992.5,949.5,8.93,4.18
2012,Anhui,18341.7,102.260803,5978,12.3985,15.9641,6142.829944,2018.6,9247.9,7075.2,6.86,3.68
2012,Shandong,42957.3,102.1034194,9708,21.5228,26.7351,19651.94453,4047.1,21275.9,17634.4,4.95,3.33
2012,Shanxi,11683.1,102.4983405,3548,7.6477,9.7524,4506.80572,642,6852.7,4188.4,4.87,3.33
2012,Guangdong,57007.7,102.8127357,11041,20.6174,21.915,22677.1128,2711.3,27346.1,26950.3,6.95,2.48
2012,Guangxi,11303.6,103.2347694,4694,6.786,10.79,4516.58596,2126.4,4503.1,4674.1,7.89,3.41
2012,Xinjiang,7411.8,103.8259559,2253,3.2799,3.8906,1916.058091,1204.1,3325.9,2881.9,10.84,3.39
2012,Jiangsu,53701.9,102.5659581,8120,24.5089,24.1079,18411.1085,3241.4,27150.8,23309.8,2.45,3.14
2012,Jiangxi,12807.7,102.748452,4475,10.3043,14.3013,4123.303845,1439.1,6893.3,4475.2,7.32,3
2012,Hebei,23077.5,102.5965499,7262,14.7752,18.8327,9254.03456,2914,10919.7,9243.8,6.47,3.69
2012,Henan,28961.9,102.5444967,9532,18.6821,26.0765,10915.61521,3577.2,15042.6,10342.2,5.16,3.08
2012,Zhejiang,34382.4,102.1836939,5685,13.3171,11.8903,14199.59487,1610.8,17040.5,15731.1,4.6,3.01
2012,Hainan,2789.4,103.205702,910,2.0621,2.4011,950.2137578,683.9,747.2,1358.3,8.85,2.01
2012,Hubei,22590.9,102.9048014,5781,18.2844,18.3003,9682.350529,2674.8,11152.6,8763.5,4.88,3.83
2012,Hunan,21207.2,102.0117213,6590,14.528,15.449,8318.658828,2567.9,9926.7,8712.7,6.57,4.23
2012,Gansu,5393.1,102.6933671,2550,6.1918,4.8496,2064.432307,590.9,2493.3,2308.9,6.06,2.68
2012,Fujian,20190.7,102.430492,3841,9.7873,9.4931,7256.54283,1628.9,10527,8034.8,7.01,3.63
2012,Xizang,710.2,103.507472,315,0.4787,0.3426,277.9049588,75.3,226.1,408.8,10.27,2.58
2012,Guizhou,6742.2,102.7135545,3587,4.838,4.613,2266.270891,862.7,2716.8,3162.8,6.31,3.29
2012,Liaoning,17848.6,102.8422733,4375,15.1866,9.5856,9304.244775,1869.3,8886.9,7092.4,-0.39,3.55
2012,Chongqing,11595.4,102.5841022,2975,8.5045,6.7799,4402.992236,879.7,5308.1,5407.6,4,3.3
2012,Shannxi,14142.4,102.7885376,3787,13.8755,11.9029,4581.623149,1314.8,7612.3,5215.3,3.88,3.22
2012,Qinghai,1528.5,103.0603648,571,0.7206,0.5654,480.2501707,174.2,620.2,734.1,8.24,3.37
2012,Heilongjiang,11015.8,103.1774133,3724,11.8255,6.8443,5491.02111,2119.6,5099.8,3796.5,1.27,4.15
2013,Shanghai,23204.1,102.2981085,2448,4.9179,9.1174,8556.95677,131.6,8286.5,14786,2.94,3.98
2013,Yunnan,12825.5,103.1159934,4641,6.8357,7.5603,4112.56334,1878.5,5000.5,5946.5,6.17,3.98
2013,Neimenggu,11392.4,103.2269952,2455,5.973,5.4932,5114.16432,1582.9,4870.1,4939.4,3.36,3.66
2013,Beijing,21134.6,103.2955186,2125,3.5525,12.007,8872.11895,159.8,4168.3,16806.5,4.41,1.21
2013,Jilin,9427.9,102.8987903,2668,4.7215,10.3733,5426.42529,1250.2,3572.1,4605.5,0.32,3.7
2013,Sichuan,26518,102.807802,8109,16.8067,18.1117,11000.96243,3257.4,12418.9,10841.7,3,4.11
2013,Tianjin,9945.4,103.0800792,1410,5.1683,7.6521,4470.42859,154.8,4407.1,5383.6,2.28,3.6
2013,Ningxia,2327.7,103.4076067,666,1.1357,1.418,668.5142,210.7,1059.5,1057.5,8.62,4.06
2013,Anhui,20584,102.4092442,5988,16.7906,13.5437,7044.66234,2173.2,10233.4,8177.4,6.82,3.41
2013,Shandong,47344.3,102.2297489,9746,25.3465,21.894,22294.8407,4454.1,22615.9,20274.3,5.01,3.24
2013,Shanxi,11987.2,103.061236,3535,8.9594,8.5217,5139.29303,697.6,6684.3,4605.3,5.24,3.13
2013,Guangdong,62503.4,102.4649716,11270,23.6808,21.7874,25453.93423,2876.4,29343,30284,6.02,2.43
2013,Guangxi,12448.4,102.2057845,4731,10.6287,7.1938,5133.07882,2290.6,4709.3,5448.4,7.93,3.3
2013,Xinjiang,8392.6,103.9464219,2285,3.5717,3.4168,2179.45207,1326.6,3479.9,3586.2,10.92,3.36
2013,Jiangsu,59349.4,102.3474823,8192,24.0621,25.2051,20878.19704,3447.5,29149.4,26752.5,2.43,3.03
2013,Jiangxi,14300.2,102.5314893,4476,13.0826,11.3694,4696.11234,1540.7,7661.9,5097.7,6.91,3.17
2013,Hebei,24259.6,102.9639079,7288,19.339,15.5624,10516.74717,3141.9,11178.4,9939.3,6.17,3.68
2013,Henan,31632.5,102.878507,9573,23.7413,20.9613,12426.60514,3827.2,15995.4,11809.9,5.51,3.09
2013,Zhejiang,37334.6,102.2977384,5784,12.2743,13.9796,15970.83741,1718.7,18162.8,17453.1,4.56,3.01
2013,Hainan,3115.9,102.7735787,920,2.168,2.4391,1090.89202,723.6,750.9,1641.4,8.69,2.17
2013,Hubei,25378,102.820508,5798,19.589,20.0997,11035.94498,2883.7,11846.3,10648,4.93,3.49
2013,Hunan,23545.2,102.5445517,6600,14.7211,15.5381,9509.523635,2589.2,10913.8,10042.3,6.54,4.2
2013,Gansu,6014.5,103.1630665,2537,5.4761,6.5275,2368.82962,658.1,2674,2682.4,6.08,2.3
2013,Fujian,22503.8,102.4717993,3885,9.0668,10.6147,8275.3,1745.2,11805.5,8953.2,6.19,3.55
2013,Xizang,828.2,103.550769,317,0.4184,0.4903,322.19827,81.2,270.8,476.2,10.38,2.47
2013,Guizhou,7973.1,102.5431339,3632,4.7869,5.3041,2601.19742,999.3,3171,3802.7,5.9,3.26
2013,Liaoning,19208.8,102.4274415,4365,9.6707,15.7724,10581.43795,1973.4,9204.2,8031.2,-0.03,3.35
2013,Chongqing,13027.6,102.652756,3011,7.4978,9.5437,5055.76827,941.2,5988.6,6097.7,3.6,3.4
2013,Shannxi,15905.4,103.0460652,3804,12.7705,15.3663,5245.04118,1463.5,8418,6023.9,3.86,3.32
2013,Qinghai,1713.3,103.948384,571,0.5817,0.7403,549.58162,204.7,681,827.6,8.03,3.31
2013,Heilongjiang,11849.1,102.2442969,3666,6.6671,12.1406,6251.17212,2539.6,5202.7,4106.9,0.78,4.44
2014,Shanghai,25269.8,102.7,2467,4.5779,9.2992,9303.490699,132,8633.3,16504.5,3.14,4.06
2014,Yunnan,14041.7,102.4,4653,5.7802,9.121,4632.867387,2007.4,5376.5,6657.7,6.2,3.98
2014,Neimenggu,12158.2,101.6,2449,5.5147,5.6653,5657.555293,1638,5114.4,5405.8,3.56,3.59
2014,Beijing,22926,101.6,2171,3.8083,12.252,9637.99589,159.2,4433,18333.9,4.83,1.31
2014,Jilin,9966.5,102,2642,4.8231,11.2006,6080.89982,1270.2,3804.9,4891.5,0.4,3.4
2014,Sichuan,28891.3,101.6,8139,19.1134,18.359,12392.98466,3524.7,13082.7,12283.9,3.2,4.15
2014,Tianjin,10640.6,101.9,1429,5.7997,7.9342,4738.65431,158.8,4615.5,5866.3,2.14,3.5
2014,Ningxia,2473.9,101.9,678,1.3157,1.5701,737.1768182,216.9,1113.7,1143.4,8.57,4.02
2014,Anhui,22519.7,101.6,5997,15.2642,14.3683,7957.033343,2295,10982.6,9242.1,6.97,3.21
2014,Shandong,50774.8,101.9,9808,25.1897,23.2438,25111.52629,4662.8,23588,22524,7.39,3.3
2014,Shanxi,12094.7,101.7,3528,10.1829,9.1936,5717.888137,736.6,6378,4980.1,4.99,3.4
2014,Guangdong,68173,102.3,11489,26.0749,23.2597,28471.14511,3038.7,31930.4,33204,6.1,2.44
2014,Guangxi,13587.8,102.1,4770,10.9871,8.1127,5772.831668,2413.4,5145.6,6028.8,7.86,3.15
2014,Xinjiang,9264.5,102.1,2325,4.033,3.3493,2436.497347,1406.7,3829.3,4028.5,11.47,3.17
2014,Jiangsu,64830.5,102.2,8281,24.5217,25.6398,23458.07036,3607.4,31048.8,30174.3,2.43,3.01
2014,Jiangxi,15667.8,102.3,4480,12.2573,11.704,5292.628988,1626.9,8238.7,5802.3,6.98,3.27
2014,Hebei,25208.9,101.7,7323,17.2113,16.1591,11820.4578,3164.7,11476.9,10567.3,6.95,3.59
2014,Henan,34574.8,101.9,9645,24.5788,22.5882,14004.95412,3988.2,17139.6,13446.9,5.78,2.97
2014,Zhejiang,40023.5,102.1,5890,12.6958,14.6082,17835.33555,1726.6,19580.7,18716.2,5,2.96
2014,Hainan,3449,102.4,936,2.3236,2.5969,1224.504063,793.2,826.5,1829.3,8.61,2.26
2014,Hubei,28242.1,102,5816,18.265,21.4485,12449.2716,3001.6,13007.9,12232.6,4.9,3.1
2014,Hunan,25881.3,101.9,6611,14.878,15.8023,10723.4547,2671,11825.1,11385.2,6.63,4.14
2014,Gansu,6518.4,102.1,2531,5.7517,6.8865,2668.33109,695.8,2823.3,2999.4,6.1,2.19
2014,Fujian,24942.1,102,3945,8.9519,11.4131,9346.736536,1855.9,13165.1,9921.2,7.5,3.47
2014,Xizang,939.7,102.9,325,0.4487,0.5073,364.5084244,88.1,310.3,541.3,10.55,2.47
2014,Guizhou,9173.1,102.4,3677,5.9238,5.9591,2936.8519,1281.5,3582.4,4309.3,5.8,3.27
2014,Liaoning,20025.7,101.7,4358,9.9962,16.7502,11856.98493,2002,9038.8,8984.9,0.26,3.38
2014,Chongqing,14623.8,101.8,3043,8.3136,10.4418,5710.665977,990.8,6774.6,6858.5,3.62,3.46
2014,Shannxi,17402.5,101.6,3827,13.5659,17.1687,5918.705211,1566.9,9045,6790.6,3.87,3.34
2014,Qinghai,1847.7,102.8,576,0.6063,0.7899,620.8264305,215.9,714.8,917,8.49,3.15
2014,Heilongjiang,12170.8,101.5,3608,7.0209,12.7251,7015.3,2691,4872.4,4607.4,0.91,4.47
2015,Shanghai,26887,102.4,2458,4.7145,9.4986,11605.7,125.5,8408.7,18352.8,2.45,4.04
2015,Yunnan,14960,101.9,4663,6.7522,8.7626,6390.8,2079.3,5491.7,7389,6.4,3.96
2015,Neimenggu,12949,101.1,2440,5.8022,5.7474,4103.5,1630.2,5269.5,6049.2,2.4,3.65
2015,Beijing,24779.1,101.8,2188,3.6989,12.5413,12271.9,140.4,4419.8,20218.9,3.01,1.39
2015,Jilin,10018,101.7,2613,5.2102,11.6724,3571.7,1270.6,3837.8,4909.6,0.34,3.5
2015,Sichuan,30342,101.5,8196,18.556,19.2517,13834.4,3661,13192.5,13488.6,3.36,4.12
2015,Tianjin,10879.5,101.7,1439,5.979,8.4014,3963.2,162.3,4489.6,6227.6,0.23,3.5
2015,Ningxia,2579.4,101.1,684,1.2843,1.7905,1039.8,236.8,1116.8,1225.8,8.04,4.02
2015,Anhui,23831.2,101.3,6011,16.376,15.016,11190.8,2376.1,10838.3,10616.8,6.98,3.14
2015,Shandong,55288.8,101.2,9866,27.7694,24.2723,21550.9,4902.8,24814.9,25571.1,5.88,3.35
2015,Shanxi,11836.4,100.6,3519,9.8856,10.2187,5345.1,726.2,5219.7,5890.5,4.42,3.51
2015,Guangdong,74732.4,101.5,11678,26.4535,24.4017,30326.8,3189.8,33913.8,37628.9,6.8,2.45
2015,Guangxi,14797.8,101.5,4811,11.153,8.7776,5771.5,2565.5,5391,6841.4,7.9,2.92
2015,Xinjiang,9306.9,100.6,2385,4.3081,3.5659,2769.6,1409.7,3446.1,4451.2,11.08,2.86
2015,Jiangsu,71255.9,101.7,8315,24.4316,25.5451,26710.1,3952.5,33371.8,33931.7,2.02,3
2015,Jiangxi,16780.9,101.5,4485,13.7239,12.413,6419.8,1714.5,8367.7,6698.8,6.96,3.35
2015,Hebei,26398.4,100.9,7345,17.2606,16.6977,9367.5,3100.5,11519.5,11778.4,5.56,3.6
2015,Henan,37084.1,101.3,9701,24.6943,24.8658,15475.8,4015.6,17947.9,15120.7,5.65,2.96
2015,Zhejiang,43507.7,101.4,5985,13.0773,15.2579,18910.7,1771.4,20606.6,21129.8,5.02,2.93
2015,Hainan,3734.2,101,945,2.5517,2.6314,1409.4,835.4,882.9,2016,8.57,2.29
2015,Hubei,30344,101.5,5850,18.101,22.2652,14847.9,3109.9,13569.5,13664.6,4.91,2.64
2015,Hunan,28538.6,101.4,6615,15.749,16.723,11241.4,2747.9,12665.7,13125,6.72,4.09
2015,Gansu,6556.6,101.6,2523,5.0038,7.2239,2737.1,733.4,2505.4,3317.8,6.21,2.14
2015,Fujian,26819.5,101.7,3984,9.2254,11.7617,12273,1932.8,13735.7,11150.9,7.8,3.66
2015,Xizang,1043,102,330,0.3937,0.5248,477.1,93.6,341.8,607.6,10.65,2.48
2015,Guizhou,10541,101.8,3708,5.2897,6.5494,4925.2,1642,4026.7,4872.3,5.8,3.29
2015,Liaoning,20210.3,101.4,4338,9.9976,17.3827,8364.8,2053.7,8344.6,9811.9,-0.42,3.42
2015,Chongqing,16040.5,101.3,3070,8.205,11.3867,7667.6,1067.7,7208,7764.8,3.86,3.58
2015,Shannxi,17898.8,101,3846,13.8799,18.9647,6859.1,1599.7,8664.6,7634.5,3.82,3.36
2015,Qinghai,2011,102.6,577,0.6231,0.851,694.6,208.9,761.1,1041,8.55,3.17
2015,Heilongjiang,11690,101.1,3529,7.3249,13.0224,4471,2712.2,3926.9,5050.9,-0.6,4.47
2016,Shanghai,29887,103.2,2467,4.9776,9.6508,12588.2,114.3,8570.2,21202.4,4,4.08
2016,Yunnan,16369,101.5,4677,8.0191,9.9316,7222.7,2225.5,5747.4,8396.1,6.61,3.6
2016,Neimenggu,13789.3,101.2,2436,6.2918,5.9754,4415.9,1650.6,5579.8,6558.9,3.34,3.65
2016,Beijing,27041.2,101.4,2195,3.5156,12.7542,13134.9,129.8,4665.8,22245.7,4.12,1.41
2016,Jilin,10427,101.6,2567,5.6198,11.8274,3812.9,1130.1,3901.4,5395.5,-0.05,3.45
2016,Sichuan,33138.5,101.9,8251,20.9484,19.4606,15519.7,3900.6,13450.1,15787.8,3.49,4.15
2016,Tianjin,11477.2,102.1,1443,6.1896,8.3379,4188.1,168.5,4368,6940.8,1.83,3.5
2016,Ningxia,2781.4,101.5,695,1.4354,1.8154,1130.6,241,1179.7,1360.7,8.97,3.92
2016,Anhui,26307.7,101.8,6033,17.3053,15.5487,12662.5,2489.8,11517.5,12300.5,7.06,3.2
2016,Shandong,58762.5,102.1,9973,33.2079,25.2214,23482.1,4830.3,25565,28367.2,10.84,3.46
2016,Shanxi,11946.4,101.1,3514,9.8493,11.4091,5699.2,724.3,5113.6,6108.5,4.77,3.52
2016,Guangdong,82163.2,102.3,11908,27.6459,25.7466,33303.2,3500.5,35499.2,43163.5,7.44,2.47
2016,Guangxi,16116.6,101.6,4857,12.6945,9.5768,6349.8,2800.3,5621,7695.3,7.87,2.93
2016,Xinjiang,9630.8,101.4,2428,4.5171,3.8343,3005.2,1473.2,3446.1,4711.6,11.08,2.48
2016,Jiangsu,77350.9,102.3,8381,24.5611,26.4573,29612.5,4039.8,35041.5,38269.6,2.73,3
2016,Jiangxi,18388.6,102,4496,17.4567,12.523,7198.5,1794.1,8732.5,7862,7.29,3.35
2016,Hebei,28474.1,101.5,7375,16.06,17.3349,10191.4,3082.5,12332.3,13059.3,6.06,3.68
2016,Henan,40249.3,101.9,9778,25.5595,25.9373,17274.5,4063.6,18986.9,17198.8,6.15,3
2016,Zhejiang,47254,101.9,6072,13.3361,15.3876,20916.7,1890.4,21571.3,23792.4,5.7,2.87
2016,Hainan,4090.2,102.8,957,2.6416,2.5521,1547.3,924.7,904,2261.5,8.57,2.36
2016,Hubei,33353,102.2,5885,18.6135,21.9946,16601.9,3406.5,14527,15419.5,5.07,2.41
2016,Hunan,30853.5,101.9,6625,17.1657,16.8539,12500,2915.6,12942,14995.9,6.56,4.19
2016,Gansu,6907.9,101.3,2520,5.5458,7.2533,2984.2,800.8,2483.5,3623.7,6,2.2
2016,Fujian,29609.4,101.7,4016,8.7427,12.7992,13703,2145.1,14683.7,12780.6,8.3,3.86
2016,Xizang,1173,102.5,340,0.3546,0.5569,539.1,110.5,390.4,672.1,10.68,2.58
2016,Guizhou,11792.4,101.4,3758,7.6081,7.6587,5651.9,1861.8,4468.7,5461.8,6.5,3.24
2016,Liaoning,20392.5,101.6,4327,9.7297,18.3155,8597.1,1841.2,7865.7,10685.6,-0.18,3.81
2016,Chongqing,18023,101.8,3110,9.3949,10.9876,8728.4,1237,7765.4,9020.7,4.53,3.67
2016,Shannxi,19045.8,101.3,3874,13.4262,17.7571,7680.7,1696.1,8906.5,8443.2,4.41,3.3
2016,Qinghai,2258.2,101.8,582,0.6815,0.8479,769.9,221.2,867.7,1169.3,8.52,3.12
2016,Heilongjiang,11895,101.5,3463,7.264,12.8515,4794.1,2751.2,3689.7,5454,-0.49,4.22
2017,Shanghai,32925,101.7,2466,4.9374,9.4853,13699.5,110.8,9525.9,23288.3,2.8,3.92
2017,Yunnan,18486,100.9,4693,9.4604,9.8795,8194.8,2338.4,6317.8,9829.8,6.85,3.2
2017,Neimenggu,14898.1,101.7,2433,6.7211,6.0747,4642.6,1649.8,5874.3,7374,3.73,3.63
2017,Beijing,29883,101.9,2194,3.043,12.778,13933.7,121.9,5049.4,24711.7,3.76,1.43
2017,Jilin,10922,101.6,2526,5.4357,11.6748,3992.3,1095.4,3995.5,5831.2,0.26,3.52
2017,Sichuan,37905.1,101.4,8289,21.7103,19.6688,17404.4,4262.5,14569.2,19073.5,4.23,4.01
2017,Tianjin,12450.6,102.1,1410,6.0325,8.3296,4210.4,169,4564.1,7717.5,2.6,3.5
2017,Ningxia,3200.3,101.6,705,1.3697,1.8912,1253.7,250.6,1406,1543.7,8.69,3.87
2017,Anhui,29676.2,101.2,6057,18.498,15.7679,14328.8,2582.3,12681.2,14412.7,8.17,2.88
2017,Shandong,63012.1,101.5,10033,35.1181,24.8133,25527.9,4832.7,26925.6,31253.8,10.14,3.4
2017,Shanxi,14484.3,101.1,3510,10.0467,11.8607,6058.5,719.2,6635.3,7129.8,5.61,3.43
2017,Guangdong,91648.7,101.5,12141,28.2003,26.7581,36598.6,3611.4,38536.6,49500.7,9.16,2.47
2017,Guangxi,17790.7,101.6,4907,12.4771,10.3506,7038,2878.3,6138.3,8774.1,8.92,2.21
2017,Xinjiang,11159.9,102.2,2480,4.9431,3.808,3249.8,1551.8,4096.2,5511.9,11.4,2.58
2017,Jiangsu,85869.8,101.7,8423,24.416,27.3758,32818.2,4045.2,39124.1,42700.5,2.68,2.98
2017,Jiangxi,20210.8,102,4511,18.4537,12.899,8118,1835.3,9444.6,8930.9,7.71,3.34
2017,Hebei,30640.8,101.7,7409,17.0284,17.5493,11138.5,3130,12778,14732.8,6.6,3.68
2017,Henan,44824.9,101.4,9829,30.2985,26.7607,19289.1,4139.3,20940.3,19745.3,5.98,2.76
2017,Zhejiang,52403.1,102.1,6170,13.5623,15.7909,23121.3,1933.9,23246.7,27222.5,6.36,2.73
2017,Hainan,4497.5,102.8,972,2.597,2.6056,1729.4,962.8,996.4,2538.4,8.72,2.33
2017,Hubei,37235,101.5,5904,17.551,21.1687,18519.7,3529,15713.9,17992.2,5.59,2.59
2017,Hunan,33828.1,101.4,6633,18.7938,16.9664,13793.7,2998.4,13459.8,17369.9,6.19,4.02
2017,Gansu,7336.7,101.4,2522,5.2782,7.367,3206.2,859.8,2515.8,3961.2,6.02,2.71
2017,Fujian,33842.4,101.2,4065,8.7962,12.7389,15393.9,2215.1,16290,15337.3,8.8,3.87
2017,Xizang,1349,101.6,349,0.3745,0.5691,618.8,118.2,469.6,761.2,11.05,2.68
2017,Guizhou,13605.4,100.9,3803,9.3408,7.2713,6449.4,2032.3,4970.9,6602.3,7.1,3.23
2017,Liaoning,21693,101.4,4312,10.0706,18.7254,8696.4,1902.3,8328.9,11461.8,-0.44,3.8
2017,Chongqing,20066.3,101,3144,9.798,11.0511,9769.4,1276.1,8455,10335.2,3.91,3.35
2017,Shannxi,21473.5,101.6,3904,14.2914,17.5165,8611.2,1741.1,10114.1,9618.3,4.87,3.28
2017,Qinghai,2465.1,101.5,586,0.9789,0.8651,842.9,238.4,975.7,1251,8.25,3.05
2017,Heilongjiang,12313,101.3,3399,7.7127,12.7718,5077.4,2965.3,3519.5,5828.2,-0.41,4.21
2018,Shanghai,36011.8,101.6,2475,4.8772,9.5125,14874.8,104.8,10360.8,25546.3,1.8,3.53
2018,Yunnan,20880.6,101.6,4703,9.7195,10.5207,9197.3,2498.7,7267.5,11114.5,6.87,3.4
2018,Neimenggu,16140.8,101.8,2422,6.7517,6.3486,4852.3,1750.7,6335.4,8054.7,2.4,3.58
2018,Beijing,33106,102.5,2192,2.7231,12.866,14422.3,120.6,5477.4,27508.1,2.66,1.4
2018,Jilin,11253.8,102.1,2484,5.679,12.0524,4073.8,1160.7,4051.5,6041.6,0.36,3.46
2018,Sichuan,42902.1,101.7,8321,20.6214,21.8432,19340.7,4427.4,16056.9,22417.7,4.04,3.47
2018,Tianjin,13362.9,102,1383,5.9287,8.4263,4231.2,175.3,4835.3,8352.3,1.25,3.51
2018,Ningxia,3510.2,102.3,710,1.4517,1.8953,1330.1,279.4,1488.1,1742.7,7.78,3.89
2018,Anhui,34010.9,102,6076,16.5442,16.2461,16156.2,2638,14094.4,17278.5,6.45,2.83
2018,Shandong,66648.9,102.5,10077,33.8566,25.4321,27480.3,4950.5,27523.7,34174.7,6.08,3.35
2018,Shanxi,15958.1,101.8,3502,9.2082,12.2914,6523.3,740.8,7074.5,8142.9,4.31,3.26
2018,Guangdong,99945.2,102.2,12348,26.5909,28.071,39767.1,3836.4,41398.5,54710.4,8.24,2.41
2018,Guangxi,19627.8,102.3,4947,13.2413,11.6638,7663.5,3021.1,6692.9,9913.9,8.16,2.34
2018,Xinjiang,12809.4,102,2520,5.1042,4.0535,3429.1,1692.1,4657.2,6460.1,6.13,2.36
2018,Jiangsu,93207.6,102.3,8446,23.357,28.028,35472.6,4141.7,42129.4,46936.5,2.29,2.97
2018,Jiangxi,22716.5,102.1,4513,18.1262,12.5416,9045.7,1877.3,10081.2,10758,7.37,3.44
2018,Hebei,32494.6,102.4,7426,18.6379,17.9815,11973.9,3338.6,12904.1,16252,4.88,3.3
2018,Henan,49935.9,102.3,9864,32.3588,28.3258,21268,4311.1,22038.6,23586.2,4.92,3.02
2018,Zhejiang,58002.8,102.3,6273,13.6029,16.0982,25161.9,1975.9,25308.1,30718.8,5.44,2.6
2018,Hainan,4910.7,102.5,982,2.5953,2.6958,1852.7,986,1053.1,2871.6,8.47,2.3
2018,Hubei,42022,101.9,5917,17.9705,21.5663,20598.2,3548.2,17573.9,20899.9,4.54,2.55
2018,Hunan,36329.7,102,6635,19.9896,17.2759,15134.3,3084.2,13904.1,19341.4,5.11,3.58
2018,Gansu,8104.1,102,2515,5.5309,7.1856,3435.6,926.1,2761.6,4416.4,4.42,2.78
2018,Fujian,38687.8,101.5,4104,8.3306,12.8635,17178.4,2379,18847.8,17461,7,3.71
2018,Xizang,1548.4,101.7,354,0.3991,0.608,711.8,128.3,582.7,837.3,10.64,2.83
2018,Guizhou,15353.2,101.8,3822,10.8651,7.0255,7105,2156,5506.2,7691,7.05,3.16
2018,Liaoning,23510.5,102.5,4291,9.3489,17.5324,9112.8,2020.6,9049,12441,-1,3.94
2018,Chongqing,21588.8,102,3163,9.6521,11.4242,10705.2,1378.7,8842.2,11367.9,3.48,2.96
2018,Shannxi,23941.9,102.1,3931,13.657,16.6474,9510.3,1830.2,11215.3,10896.4,4.43,3.21
2018,Qinghai,2748,102.5,587,1.0887,0.8801,899.9,268.1,1093.7,1386.2,8.06,2.97
2018,Heilongjiang,12846.5,102,3327,7.3465,12.6157,5275,3001.2,3536,6309.3,-0.69,3.99
2019,Shanghai,37987.55,102.5,2481,4.6161,10.0282,15847.6,107.06,10193.6,27686.89,1.5,3.55
2019,Yunnan,23223.75,102.5,4714,12.0493,11.9806,10158.2,3037.69,8060.35,12125.71,6.43,3.25
2019,Neimenggu,17212.53,102.4,2415,6.8262,6.711,5051.1,1863.26,6763.136742,8586.133258,2.57,3.7
2019,Beijing,35445.13,102.3,2190,2.7024,13.0719,15063.7,114.38,5667.37,29663.38,2.63,1.3
2019,Jilin,11726.82,103,2448,5.8352,12.3615,4212.9,1287.32,4134.82,6304.68,-0.85,3.11
2019,Sichuan,46363.75,103.2,8351,21.8555,23.2333,21343,4807.52,17187.92,24368.31,3.61,3.31
2019,Tianjin,14055.46,102.7,1385,5.9637,8.8215,4218.2,185.41,4947.18,8922.87,1.43,3.53
2019,Ningxia,3748.48,102.1,717,1.5701,1.9446,1399.4,279.96,1587.07997,1881.44003,8.03,3.74
2019,Anhui,36845.49,102.7,6092,16.3085,16.9938,17862.1,2915.97,14970.0048,18959.5152,5.99,2.63
2019,Shandong,70540.48,103.2,10106,33.4595,28.2908,29251.2,5116.99,28171.78332,37251.70668,4.27,3.29
2019,Shanxi,16961.61,102.7,3497,9.0965,13.0328,7030.5,825.34,7466.3,8669.97,3.27,2.71
2019,Guangdong,107986.92,103.4,12489,28.4574,28.5306,42951.8,4350.61,43368.21,60268.1,8.08,2.25
2019,Guangxi,21237.14,103.7,4982,15.0344,12.9526,8200.9,3389.67,7046.43,10801.04,7.17,2.6
2019,Xinjiang,13597.11,101.9,2559,5.3898,4.3284,3617,1781.76,4784.44,7030.91,3.69,2.14
2019,Jiangsu,98656.82,103.1,8469,24.016,29.2128,37672.5,4297.24,43507.53,50852.05,2.08,3.03
2019,Jiangxi,24667.29,102.9,4516,17.5674,13.6353,10068.1,2057.7,10820.3,11789.29,6.56,2.93
2019,Hebei,34978.55,103,7447,19.5311,19.5352,12985.5,3518.44,13393.66359,18066.44955,4.71,3.12
2019,Henan,53717.75,103,9901,34.2063,30.8388,23476.1,4635.7,23035.55605,26046.49395,4.18,3.17
2019,Zhejiang,62461.99,102.9,6375,13.6437,16.0277,27343.8,2086.7,26299.51377,34075.77256,4.99,2.52
2019,Hainan,5330.84,103.4,995,2.4414,2.8429,1951.1,1079.01,1083.753478,3168.076522,6.76,2.25
2019,Hubei,45428.96,103.1,5927,18.6808,22.3087,22722.3,3809.41,18723.04944,22896.50056,4.27,2.44
2019,Hunan,39894.14,102.9,6640,20.2435,17.9174,16683.9,3647.23,15401.69649,20845.21351,3.11,2.73
2019,Gansu,8718.3,102.3,2509,6.2886,7.3433,3700.3,1059.33,2862.416345,4796.553655,3.85,3
2019,Fujian,42326.58,102.6,4137,8.5559,12.8545,18896.8,2595.53,20065.48,19665.57,6.8,3.5
2019,Xizang,1697.82,102.3,361,0.3839,0.5993,773.4,138.19,635.619938,924.010062,10.14,2.86
2019,Guizhou,16769.34,102.4,3848,11.4505,8.685,7468.2,2280.561026,5971.453545,8517.325429,6.7,3.11
2019,Liaoning,24855.26,102.4,4277,8.858,17.5373,9670.6,2177.97,9475.87,13201.42,-0.8,4.16
2019,Chongqing,23605.77,102.7,3188,10.1469,11.6503,11631.7,1551.59,9391.96,12662.22,2.91,2.62
2019,Shannxi,25793.17,102.9,3944,12.7426,17.2024,10213,1991.11,11779.4932,12022.5668,4.27,3.23
2019,Qinghai,2941.07,102.5,590,1.0351,0.9662,948.5,301.9,1153.92,1485.25,7.58,2.24
2019,Heilongjiang,13544.43,102.8,3255,6.5921,12.9204,5603.9,3183.2,3640.1,6721.13,-1.01,3.53