ProvEN,N_H_200115,N_H_200116,N_H_200117,N_H_200118,N_H_200119,N_H_200120,N_H_200121,N_H_200122,N_H_200123,N_H_200124,N_H_200125,N_H_200126,N_H_200127,N_H_200128,N_H_200129,N_H_200130,N_H_200131,N_H_200201,N_H_200202,N_H_200203,N_H_200204,N_H_200205,N_H_200206,N_H_200207,N_H_200208,N_H_200209,N_H_200210,N_H_200211,N_H_200212,N_H_200213,N_H_200214,N_H_200215,N_H_200216,N_H_200217,N_H_200218,N_H_200219,N_H_200220,N_H_200221,N_H_200222,N_H_200223,N_H_200224,N_H_200225,N_H_200226,N_H_200227,N_H_200228,N_H_200229,N_H_200301,N_H_200302,N_H_200303,N_H_200304,N_H_200305,N_H_200306,N_H_200307,N_H_200308,N_H_200309,N_H_200310,N_H_200311,N_H_200312,N_H_200313,N_H_200314,N_H_200315,N_H_200316,N_H_200317,N_H_200318,N_H_200319,N_H_200320,N_H_200321,N_H_200322,N_H_200323,N_H_200324,N_H_200325,N_H_200326,N_H_200327,N_H_200328,N_H_200329,N_H_200330,N_H_200331,N_H_200401,N_H_200402,N_H_200403,N_H_200404,N_H_200405,N_H_200406,N_H_200407,N_H_200408,N_H_200409,N_H_200410,N_H_200411,N_H_200412,N_H_200413,N_H_200414,N_H_200415,N_H_200416,N_H_200417,N_H_200418,N_H_200419,N_H_200420,N_H_200421,N_H_200422,N_H_200423,N_H_200424,N_H_200425,N_H_200426,N_H_200427,N_H_200428,N_H_200429,N_H_200430,N_H_200501,N_H_200502,N_H_200503,N_H_200504,N_H_200505,N_H_200506,N_H_200507,N_H_200508,N_H_200509,N_H_200510,N_H_200511,N_H_200512,N_H_200513,N_H_200514,N_H_200515,N_H_200516,N_H_200517,N_H_200518,N_H_200519,N_H_200520,N_H_200521,N_H_200522,N_H_200523,N_H_200524,N_H_200525,N_H_200526,N_H_200527,N_H_200528,N_H_200529,N_H_200530,N_H_200531,N_H_200601,N_H_200602,N_H_200603,N_H_200604,N_H_200605,N_H_200606,N_H_200607,N_H_200608,N_H_200609,N_H_200610,N_H_200611,N_H_200612,N_H_200613,N_H_200614,N_H_200615,N_H_200616,N_H_200617,N_H_200618,N_H_200619,N_H_200620,N_H_200621,N_H_200622,N_H_200623,N_H_200624,N_H_200625,N_H_200626,N_H_200627,N_H_200628,N_H_200629,N_H_200630,N_H_200701,N_H_200702,N_H_200703,N_H_200704,N_H_200705,N_H_200706,N_H_200707,N_H_200708,N_H_200709,N_H_200710,N_H_200711,N_H_200712,N_H_200713,N_H_200714,N_H_200715,N_H_200716,N_H_200717,N_H_200718,N_H_200719,N_H_200720,N_H_200721,N_H_200722,N_H_200723,N_H_200724,N_H_200725,N_H_200726,N_H_200727,N_H_200728,N_H_200729,N_H_200730,N_H_200731,N_H_200801,N_H_200802,N_H_200803,N_H_200804,N_H_200805,N_H_200806,N_H_200807,N_H_200808,N_H_200809,N_H_200810,N_H_200811,N_H_200812,N_H_200813,N_H_200814,N_H_200815,N_H_200816,N_H_200817,N_H_200818,N_H_200819,N_H_200820,N_H_200821,N_H_200822,N_H_200823,N_H_200824,N_H_200825,N_H_200826,N_H_200827,N_H_200828,N_H_200829,N_H_200830,N_H_200831,N_H_200901,N_H_200902,N_H_200903,N_H_200904,N_H_200905,N_H_200906,N_H_200907,N_H_200908,N_H_200909,N_H_200910,N_H_200911,N_H_200912,N_H_200913,N_H_200914,N_H_200915,N_H_200916,N_H_200917,N_H_200918,N_H_200919,N_H_200920,N_H_200921,N_H_200922,N_H_200923,N_H_200924,N_H_200925,N_H_200926,N_H_200927,N_H_200928,N_H_200929,N_H_200930,N_H_201001,N_H_201002,N_H_201003,N_H_201004,N_H_201005,N_H_201006,N_H_201007,N_H_201008,N_H_201009,N_H_201010,N_H_201011,N_H_201012,N_H_201013,N_H_201014,N_H_201015,N_H_201016,N_H_201017,N_H_201018,N_H_201019,N_H_201020,N_H_201021,N_H_201022,N_H_201023,N_H_201024,N_H_201025,N_H_201026,N_H_201027,N_H_201028,N_H_201029,N_H_201030,N_H_201031,N_H_201101,N_H_201102,N_H_201103,N_H_201104,N_H_201105,N_H_201106,N_H_201107,N_H_201108,N_H_201109,N_H_201110,N_H_201111,N_H_201112,N_H_201113,N_H_201114,N_H_201115,N_H_201116,N_H_201117,N_H_201118,N_H_201119,N_H_201120,N_H_201121,N_H_201122,N_H_201123,N_H_201124,N_H_201125,N_H_201126,N_H_201127,N_H_201128,N_H_201129,N_H_201130,N_H_201201,N_H_201202,N_H_201203,N_H_201204,N_H_201205,N_H_201206,N_H_201207,N_H_201208,N_H_201209,N_H_201210,N_H_201211,N_H_201212,N_H_201213,N_H_201214,N_H_201215,N_H_201216,N_H_201217,N_H_201218,N_H_201219,N_H_201220,N_H_201221,N_H_201222,N_H_201223,N_H_201224,N_H_201225,N_H_201226,N_H_201227,N_H_201228,N_H_201229,N_H_201230,N_H_201231,N_H_210101,N_H_210102,N_H_210103,N_H_210104,N_H_210105,N_H_210106,N_H_210107,N_H_210108,N_H_210109,N_H_210110,N_H_210111,N_H_210112,N_H_210113,N_H_210114,T_H_200115,T_H_200116,T_H_200117,T_H_200118,T_H_200119,T_H_200120,T_H_200121,T_H_200122,T_H_200123,T_H_200124,T_H_200125,T_H_200126,T_H_200127,T_H_200128,T_H_200129,T_H_200130,T_H_200131,T_H_200201,T_H_200202,T_H_200203,T_H_200204,T_H_200205,T_H_200206,T_H_200207,T_H_200208,T_H_200209,T_H_200210,T_H_200211,T_H_200212,T_H_200213,T_H_200214,T_H_200215,T_H_200216,T_H_200217,T_H_200218,T_H_200219,T_H_200220,T_H_200221,T_H_200222,T_H_200223,T_H_200224,T_H_200225,T_H_200226,T_H_200227,T_H_200228,T_H_200229,T_H_200301,T_H_200302,T_H_200303,T_H_200304,T_H_200305,T_H_200306,T_H_200307,T_H_200308,T_H_200309,T_H_200310,T_H_200311,T_H_200312,T_H_200313,T_H_200314,T_H_200315,T_H_200316,T_H_200317,T_H_200318,T_H_200319,T_H_200320,T_H_200321,T_H_200322,T_H_200323,T_H_200324,T_H_200325,T_H_200326,T_H_200327,T_H_200328,T_H_200329,T_H_200330,T_H_200331,T_H_200401,T_H_200402,T_H_200403,T_H_200404,T_H_200405,T_H_200406,T_H_200407,T_H_200408,T_H_200409,T_H_200410,T_H_200411,T_H_200412,T_H_200413,T_H_200414,T_H_200415,T_H_200416,T_H_200417,T_H_200418,T_H_200419,T_H_200420,T_H_200421,T_H_200422,T_H_200423,T_H_200424,T_H_200425,T_H_200426,T_H_200427,T_H_200428,T_H_200429,T_H_200430,T_H_200501,T_H_200502,T_H_200503,T_H_200504,T_H_200505,T_H_200506,T_H_200507,T_H_200508,T_H_200509,T_H_200510,T_H_200511,T_H_200512,T_H_200513,T_H_200514,T_H_200515,T_H_200516,T_H_200517,T_H_200518,T_H_200519,T_H_200520,T_H_200521,T_H_200522,T_H_200523,T_H_200524,T_H_200525,T_H_200526,T_H_200527,T_H_200528,T_H_200529,T_H_200530,T_H_200531,T_H_200601,T_H_200602,T_H_200603,T_H_200604,T_H_200605,T_H_200606,T_H_200607,T_H_200608,T_H_200609,T_H_200610,T_H_200611,T_H_200612,T_H_200613,T_H_200614,T_H_200615,T_H_200616,T_H_200617,T_H_200618,T_H_200619,T_H_200620,T_H_200621,T_H_200622,T_H_200623,T_H_200624,T_H_200625,T_H_200626,T_H_200627,T_H_200628,T_H_200629,T_H_200630,T_H_200701,T_H_200702,T_H_200703,T_H_200704,T_H_200705,T_H_200706,T_H_200707,T_H_200708,T_H_200709,T_H_200710,T_H_200711,T_H_200712,T_H_200713,T_H_200714,T_H_200715,T_H_200716,T_H_200717,T_H_200718,T_H_200719,T_H_200720,T_H_200721,T_H_200722,T_H_200723,T_H_200724,T_H_200725,T_H_200726,T_H_200727,T_H_200728,T_H_200729,T_H_200730,T_H_200731,T_H_200801,T_H_200802,T_H_200803,T_H_200804,T_H_200805,T_H_200806,T_H_200807,T_H_200808,T_H_200809,T_H_200810,T_H_200811,T_H_200812,T_H_200813,T_H_200814,T_H_200815,T_H_200816,T_H_200817,T_H_200818,T_H_200819,T_H_200820,T_H_200821,T_H_200822,T_H_200823,T_H_200824,T_H_200825,T_H_200826,T_H_200827,T_H_200828,T_H_200829,T_H_200830,T_H_200831,T_H_200901,T_H_200902,T_H_200903,T_H_200904,T_H_200905,T_H_200906,T_H_200907,T_H_200908,T_H_200909,T_H_200910,T_H_200911,T_H_200912,T_H_200913,T_H_200914,T_H_200915,T_H_200916,T_H_200917,T_H_200918,T_H_200919,T_H_200920,T_H_200921,T_H_200922,T_H_200923,T_H_200924,T_H_200925,T_H_200926,T_H_200927,T_H_200928,T_H_200929,T_H_200930,T_H_201001,T_H_201002,T_H_201003,T_H_201004,T_H_201005,T_H_201006,T_H_201007,T_H_201008,T_H_201009,T_H_201010,T_H_201011,T_H_201012,T_H_201013,T_H_201014,T_H_201015,T_H_201016,T_H_201017,T_H_201018,T_H_201019,T_H_201020,T_H_201021,T_H_201022,T_H_201023,T_H_201024,T_H_201025,T_H_201026,T_H_201027,T_H_201028,T_H_201029,T_H_201030,T_H_201031,T_H_201101,T_H_201102,T_H_201103,T_H_201104,T_H_201105,T_H_201106,T_H_201107,T_H_201108,T_H_201109,T_H_201110,T_H_201111,T_H_201112,T_H_201113,T_H_201114,T_H_201115,T_H_201116,T_H_201117,T_H_201118,T_H_201119,T_H_201120,T_H_201121,T_H_201122,T_H_201123,T_H_201124,T_H_201125,T_H_201126,T_H_201127,T_H_201128,T_H_201129,T_H_201130,T_H_201201,T_H_201202,T_H_201203,T_H_201204,T_H_201205,T_H_201206,T_H_201207,T_H_201208,T_H_201209,T_H_201210,T_H_201211,T_H_201212,T_H_201213,T_H_201214,T_H_201215,T_H_201216,T_H_201217,T_H_201218,T_H_201219,T_H_201220,T_H_201221,T_H_201222,T_H_201223,T_H_201224,T_H_201225,T_H_201226,T_H_201227,T_H_201228,T_H_201229,T_H_201230,T_H_201231,T_H_210101,T_H_210102,T_H_210103,T_H_210104,T_H_210105,T_H_210106,T_H_210107,T_H_210108,T_H_210109,T_H_210110,T_H_210111,T_H_210112,T_H_210113,T_H_210114,Recovery
Beijing,0,0,0,0,0,0,0,0,0,0,0,0,2,2,0,1,0,4,3,11,1,7,2,1,3,7,4,8,12,11,18,8,9,8,23,8,16,9,11,9,17,20,13,9,14,5,0,6,6,9,1,5,0,12,5,6,8,10,-2,11,0,15,5,6,5,8,6,2,1,0,2,3,3,2,1,4,2,0,16,4,3,2,5,7,9,5,5,5,5,7,4,8,6,0,1,4,2,2,4,2,1,0,0,0,13,0,4,5,0,4,2,1,1,2,3,3,2,3,3,2,1,0,2,2,0,0,0,1,0,0,2,0,0,0,0,0,0,0,0,0,1,1,0,0,0,0,1,0,0,0,0,0,0,0,0,0,0,0,0,0,0,0,0,1,0,0,1,1,0,3,2,2,1,1,4,13,32,12,12,11,14,22,14,22,10,13,29,12,17,0,22,0,12,11,3,14,1,5,10,4,2,0,1,1,0,1,0,0,0,0,0,0,2,1,0,0,1,0,0,0,0,0,0,0,2,0,0,0,0,0,0,0,0,0,0,0,0,-926,926,0,0,0,0,0,0,0,0,0,0,0,0,0,0,0,0,0,0,0,0,0,0,0,0,0,0,0,0,1,0,0,0,0,0,0,0,0,0,0,0,0,0,1,0,0,0,0,0,0,1,0,0,0,0,0,0,0,0,0,0,0,2,0,1,0,0,0,1,0,0,3,0,0,0,0,0,1,0,0,0,1,0,0,0,0,1,-939,939,0,0,0,0,0,1,0,0,0,0,0,0,0,0,0,1,0,0,0,0,0,0,0,2,1,0,0,0,0,1,2,0,1,2,0,1,0,0,4,0,0,0,0,0,0,0,0,0,0,0,0,2,4,4,5,5,9,12,23,24,31,33,34,37,44,48,56,68,79,97,105,114,122,145,153,169,178,189,198,215,235,248,257,271,276,276,282,288,297,298,303,303,315,320,326,334,344,342,353,353,368,373,379,384,392,398,400,401,401,403,406,409,411,412,416,418,418,434,438,441,443,448,455,464,469,474,479,484,491,495,503,509,509,510,514,516,518,522,524,525,525,525,525,538,538,542,547,547,551,553,554,555,557,560,563,565,568,571,573,574,574,576,578,578,578,578,579,579,579,581,581,581,581,581,581,581,581,581,581,582,583,583,583,583,583,584,584,584,584,584,584,584,584,584,584,584,584,584,584,584,584,584,585,585,585,586,587,587,590,592,594,595,596,600,613,645,657,669,680,694,716,730,752,762,775,804,816,833,833,855,855,867,878,881,895,896,901,911,915,917,917,918,919,919,920,920,920,920,920,920,920,922,923,923,923,924,924,924,924,924,924,924,924,926,926,926,926,926,926,926,926,926,926,926,926,926,0,926,926,926,926,926,926,926,926,926,926,926,926,926,926,926,926,926,926,926,926,926,926,926,926,926,926,926,926,926,927,927,927,927,927,927,927,927,927,927,927,927,927,927,928,928,928,928,928,928,928,929,929,929,929,929,929,929,929,929,929,929,929,931,931,932,932,932,932,933,933,933,936,936,936,936,936,936,937,937,937,937,938,938,938,938,938,939,0,939,939,939,939,939,939,940,940,940,940,940,940,940,940,940,940,941,941,941,941,941,941,941,941,943,944,944,944,944,944,945,947,947,948,950,950,951,951,951,955,242242
Tianjin,0,0,0,0,0,0,0,0,0,0,0,0,0,0,0,0,0,0,1,0,1,0,0,0,2,0,4,2,1,10,11,5,8,1,2,6,5,3,3,16,6,4,5,6,3,4,2,7,6,4,0,0,0,1,1,1,1,0,0,0,1,0,0,0,0,0,0,0,0,0,0,0,0,0,0,0,2,0,5,0,4,0,7,1,0,2,4,3,0,3,4,3,1,1,0,1,0,2,2,0,1,3,0,0,1,0,1,1,1,0,0,0,0,0,0,0,0,0,0,0,1,0,0,0,0,0,0,0,0,0,0,1,0,0,0,0,0,0,0,0,0,0,1,0,0,0,0,0,0,0,0,0,0,0,2,0,0,0,0,0,1,0,0,1,0,0,1,0,0,0,0,0,0,0,0,1,0,0,0,0,0,0,0,0,0,0,0,0,0,0,0,0,0,0,0,0,0,0,0,1,0,0,0,1,0,0,2,1,1,1,0,0,0,0,0,0,0,0,0,0,1,0,0,0,0,2,0,8,0,0,0,1,0,0,0,0,1,-215,216,4,0,1,4,0,0,0,0,1,0,1,1,1,0,1,0,3,0,0,0,0,0,1,0,0,0,1,0,0,1,0,2,0,0,0,2,0,0,0,1,0,0,1,0,0,3,1,0,1,0,4,0,0,0,4,2,2,1,3,0,0,2,0,0,1,0,1,2,5,1,1,0,1,0,2,0,0,0,4,0,0,3,1,0,4,1,-292,292,0,0,1,0,1,1,0,0,0,1,0,0,0,0,1,0,1,0,0,0,1,1,0,0,0,0,0,0,0,1,0,1,1,0,0,1,0,1,0,0,0,0,0,0,0,0,0,0,0,0,0,0,0,0,0,0,0,1,1,2,2,2,2,4,4,8,10,11,21,32,37,45,46,48,54,59,62,65,81,87,91,96,102,105,109,111,118,124,128,128,128,128,129,130,131,132,132,132,132,133,133,133,133,133,133,133,133,133,133,133,133,133,133,133,133,135,135,140,140,144,144,151,152,152,154,158,161,161,164,168,171,172,173,173,174,174,176,178,178,179,182,182,182,183,183,184,185,186,186,186,186,186,186,186,186,186,186,186,186,187,187,187,187,187,187,187,187,187,187,187,188,188,188,188,188,188,188,188,188,188,188,189,189,189,189,189,189,189,189,189,189,189,189,191,191,191,191,191,191,192,192,192,193,193,193,194,194,194,194,194,194,194,194,194,195,195,195,195,195,195,195,195,195,195,195,195,195,195,195,195,195,195,195,195,195,195,195,195,196,196,196,196,197,197,197,199,200,201,202,202,202,202,202,202,202,202,202,202,202,203,203,203,203,203,205,205,213,213,213,213,214,214,214,214,214,215,0,216,220,220,221,225,225,225,225,225,226,226,227,228,229,229,230,230,233,233,233,233,233,233,234,234,234,234,235,235,235,236,236,238,238,238,238,240,240,240,240,241,241,241,242,242,242,245,246,246,247,247,251,251,251,251,255,257,259,260,263,263,263,265,265,265,266,266,267,269,274,275,276,276,277,277,279,279,279,279,283,283,283,286,287,287,291,292,0,292,292,292,293,293,294,295,295,295,295,296,296,296,296,296,297,297,298,298,298,298,299,300,300,300,300,300,300,300,300,301,301,302,303,303,303,304,304,305,305,69414
Hebei,0,0,0,0,0,0,0,0,0,0,0,0,0,0,0,0,0,3,0,0,1,3,9,9,5,5,6,7,6,15,17,14,9,14,13,16,18,14,20,17,20,7,13,13,3,6,11,3,3,1,3,1,2,0,0,0,0,3,0,0,0,0,0,0,0,0,0,0,0,0,0,0,0,0,0,0,0,0,0,0,0,0,0,2,1,0,0,0,0,1,0,1,1,0,0,1,0,0,0,0,1,0,0,0,0,0,0,0,0,0,0,2,0,0,0,0,1,0,0,0,0,0,0,0,1,0,0,0,0,0,0,0,0,0,0,0,0,0,0,0,0,0,0,0,0,0,0,0,0,0,0,0,0,0,0,0,0,0,0,0,1,0,0,1,2,5,2,1,0,0,0,2,1,0,0,0,2,0,0,0,0,1,0,0,0,0,1,0,0,1,0,0,0,0,1,0,0,0,0,0,0,0,0,0,0,0,0,0,0,0,0,0,0,0,0,0,0,0,0,0,0,0,0,0,0,0,0,0,0,0,3,0,1,0,7,0,0,-354,355,0,0,0,1,0,0,0,0,0,0,0,0,1,0,0,0,0,0,1,0,0,0,0,0,0,0,0,0,0,0,0,0,0,0,0,0,0,0,0,0,0,0,1,0,0,0,0,0,0,0,0,0,0,1,0,0,0,0,1,0,0,0,0,0,1,0,0,1,0,0,0,0,0,0,2,1,0,0,0,0,0,0,0,0,0,0,-366,367,0,0,0,0,0,0,0,0,0,0,0,0,0,0,0,0,0,0,0,0,0,0,0,0,0,0,0,0,0,0,0,0,0,0,0,0,0,12,0,0,0,0,0,0,0,0,0,0,0,0,0,0,0,0,0,0,3,3,3,4,7,16,25,30,35,41,48,54,69,86,100,109,123,136,152,170,184,204,221,241,248,261,274,277,283,294,297,300,301,304,305,307,307,307,307,307,310,310,310,310,310,310,310,310,310,310,310,310,310,310,310,310,310,310,310,310,310,310,310,310,310,310,312,313,313,313,313,313,314,314,315,316,316,316,317,317,317,317,317,318,318,318,318,318,318,318,318,318,318,318,320,320,320,320,320,321,321,321,321,321,321,321,321,322,322,322,322,322,322,322,322,322,322,322,322,322,322,322,322,322,322,322,322,322,322,322,322,322,322,322,322,322,322,322,322,322,322,322,322,323,323,323,324,326,331,333,334,334,334,334,336,337,337,337,337,339,339,339,339,339,340,340,340,340,340,341,341,341,342,342,342,342,342,343,343,343,343,343,343,343,343,343,343,343,343,343,343,343,343,343,343,343,343,343,343,343,343,343,343,343,343,343,343,343,343,343,343,343,343,346,346,347,347,354,354,354,0,355,355,355,355,356,356,356,356,356,356,356,356,356,357,357,357,357,357,357,358,358,358,358,358,358,358,358,358,358,358,358,358,358,358,358,358,358,358,358,358,358,358,358,359,359,359,359,359,359,359,359,359,359,359,360,360,360,360,360,361,361,361,361,361,361,362,362,362,363,363,363,363,363,363,363,365,366,366,366,366,366,366,366,366,366,366,366,0,367,367,367,367,367,367,367,367,367,367,367,367,367,367,367,367,367,367,367,367,367,367,367,367,367,367,367,367,367,367,367,367,367,367,367,367,367,367,379,379,112015
Shanxi,0,0,0,0,0,0,0,0,0,0,0,0,0,0,1,0,0,0,1,0,2,2,6,3,6,4,1,4,3,3,2,8,4,3,8,7,8,2,3,7,6,4,6,3,5,2,2,3,5,0,2,0,0,0,1,4,0,1,1,0,0,0,0,0,0,0,0,0,0,0,0,0,0,0,0,0,0,0,0,0,0,0,0,1,0,0,1,0,0,0,0,0,0,0,0,0,5,0,2,0,7,5,3,3,0,0,4,8,4,0,4,10,3,1,1,2,0,0,1,0,0,0,0,0,0,0,0,0,0,0,0,0,0,0,0,0,0,0,0,0,0,0,0,0,0,0,0,0,0,0,0,0,0,0,0,0,0,0,0,0,0,0,0,0,0,0,0,0,0,0,0,0,0,0,0,0,0,0,0,0,0,0,0,0,2,0,0,0,0,0,0,1,0,0,0,0,0,0,0,0,0,0,0,0,0,0,0,0,0,0,0,0,0,0,0,0,0,0,0,0,0,0,0,0,0,0,0,0,0,0,0,0,0,0,0,0,0,-201,201,0,1,0,0,0,0,0,0,0,1,0,0,0,0,0,0,0,0,0,0,0,0,0,0,0,0,0,0,0,0,0,0,0,0,0,1,0,0,0,0,0,0,0,1,0,0,0,0,1,0,1,1,0,0,2,1,0,2,0,0,0,0,0,0,0,0,0,0,0,0,0,0,1,1,0,0,1,1,0,0,0,0,1,0,0,0,-218,218,0,0,0,0,0,0,0,2,0,0,0,0,0,0,0,1,0,0,0,0,0,0,0,0,0,0,0,0,1,0,0,0,1,0,1,0,0,0,0,0,0,0,0,0,0,0,0,0,0,0,0,0,0,1,1,1,1,2,2,4,6,12,15,21,25,26,30,33,36,38,46,50,53,61,68,76,78,81,88,94,98,104,107,112,114,116,119,124,124,126,126,126,126,127,131,131,132,133,133,133,133,133,133,133,133,133,133,133,133,133,133,133,133,133,133,133,133,133,133,133,133,133,134,134,134,135,135,135,135,135,135,135,135,135,135,140,140,142,142,149,154,157,160,160,160,164,172,176,176,180,190,193,194,195,197,197,197,198,198,198,198,198,198,198,198,198,198,198,198,198,198,198,198,198,198,198,198,198,198,198,198,198,198,198,198,198,198,198,198,198,198,198,198,198,198,198,198,198,198,198,198,198,198,198,198,198,198,198,198,198,198,198,198,198,198,198,198,198,198,198,198,198,198,200,200,200,200,200,200,200,201,201,201,201,201,201,201,201,201,201,201,201,201,201,201,201,201,201,201,201,201,201,201,201,201,201,201,201,201,201,201,201,201,201,201,201,201,201,201,201,201,201,201,201,201,201,0,201,201,202,202,202,202,202,202,202,202,203,203,203,203,203,203,203,203,203,203,203,203,203,203,203,203,203,203,203,203,203,203,203,203,203,203,204,204,204,204,204,204,204,204,205,205,205,205,205,206,206,207,208,208,208,210,211,211,213,213,213,213,213,213,213,213,213,213,213,213,213,213,213,214,215,215,215,216,217,217,217,217,217,218,218,218,218,0,218,218,218,218,218,218,218,218,220,220,220,220,220,220,220,220,221,221,221,221,221,221,221,221,221,221,221,221,221,222,222,222,222,223,223,224,224,224,224,224,62628
Neimenggu,0,0,0,0,0,0,0,0,0,0,0,0,0,0,0,0,1,0,0,0,0,3,-4,5,0,0,0,0,1,0,0,1,1,0,1,2,5,6,4,4,4,1,3,5,3,5,0,3,5,4,2,0,3,2,0,0,1,0,0,0,0,2,0,1,0,0,0,0,0,0,0,0,0,0,0,0,0,0,0,0,0,0,0,0,0,5,0,4,0,8,3,0,0,9,1,0,4,0,0,0,0,13,8,16,0,1,4,2,2,0,2,4,7,4,1,3,9,3,1,2,0,4,2,0,0,0,0,3,0,0,0,2,3,1,0,0,1,0,1,2,0,3,1,0,0,5,8,4,0,1,0,0,0,3,0,0,0,0,1,0,1,0,0,0,0,1,0,0,0,0,0,0,0,0,0,0,0,0,0,0,0,0,0,0,0,0,0,0,0,3,1,0,0,3,0,0,0,0,0,0,0,0,0,3,0,0,0,0,6,0,1,0,1,1,0,0,0,0,0,0,1,0,0,0,0,0,0,0,0,0,0,1,1,0,0,0,0,-259,259,0,0,0,0,0,0,0,0,0,0,0,0,0,0,0,0,0,0,0,0,0,1,0,0,1,0,0,0,0,0,0,1,0,1,0,0,0,2,0,1,0,0,0,0,1,0,1,0,0,0,0,2,0,0,0,0,0,0,1,1,1,0,1,7,1,0,0,4,0,1,1,2,0,1,0,0,0,5,5,0,3,1,0,0,1,0,-306,308,0,0,1,2,0,2,0,1,1,7,0,0,4,0,5,0,4,0,1,0,0,3,0,1,0,0,1,4,0,0,1,0,2,1,0,1,0,0,0,0,0,0,0,0,0,0,0,0,0,0,0,0,0,0,0,1,1,1,1,1,4,0,5,5,5,5,5,6,6,6,7,8,8,9,11,16,22,26,30,34,35,38,43,46,51,51,54,59,63,65,65,68,70,70,70,71,71,71,71,71,73,73,74,74,74,74,74,74,74,74,74,74,74,74,74,74,74,74,74,74,74,74,74,74,79,79,83,83,91,94,94,94,103,104,104,108,108,108,108,108,121,129,145,145,146,150,152,154,154,156,160,167,171,172,175,184,187,188,190,190,194,196,196,196,196,196,199,199,199,199,201,204,205,205,205,206,206,207,209,209,212,213,213,213,218,226,230,230,231,231,231,231,234,234,234,234,234,235,235,236,236,236,236,236,237,237,237,237,237,237,237,237,237,237,237,237,237,237,237,237,237,237,237,237,237,237,237,237,240,241,241,241,244,244,244,244,244,244,244,244,244,244,247,247,247,247,247,253,253,254,254,255,256,256,256,256,256,256,256,257,257,257,257,257,257,257,257,257,257,257,258,259,259,259,259,259,0,259,259,259,259,259,259,259,259,259,259,259,259,259,259,259,259,259,259,259,259,259,259,260,260,260,261,261,261,261,261,261,261,262,262,263,263,263,263,265,265,266,266,266,266,266,267,267,268,268,268,268,268,270,270,270,270,270,270,270,271,272,273,273,274,281,282,282,282,286,286,287,288,290,290,291,291,291,291,296,301,301,304,305,305,305,306,306,0,308,308,308,309,311,311,313,313,314,315,322,322,322,326,326,331,331,335,335,336,336,336,339,339,340,340,340,341,345,345,345,346,346,348,349,349,350,350,350,350,72522
Liaoning,0,0,0,0,0,0,0,0,0,0,0,0,0,0,1,0,0,0,0,0,1,2,2,1,5,0,5,2,3,0,7,3,9,2,12,3,3,5,2,5,10,5,4,1,2,6,2,0,3,0,0,0,2,1,1,1,0,1,1,0,1,5,3,0,0,0,0,2,0,0,0,0,0,0,0,0,0,0,0,1,0,3,2,1,0,1,1,3,0,2,0,0,2,2,0,1,0,0,0,0,0,0,0,0,0,0,0,0,1,0,0,0,0,0,0,0,0,0,0,0,0,0,0,0,0,0,0,0,0,0,0,1,2,0,0,0,0,0,0,0,0,0,0,0,0,0,0,0,0,0,0,0,0,0,0,0,0,0,0,0,0,0,0,0,0,0,0,0,1,0,0,1,1,0,0,0,0,0,0,0,0,0,0,0,1,1,1,1,2,1,1,0,1,0,1,0,0,0,0,0,0,0,0,1,4,0,8,8,5,5,11,5,13,0,7,2,3,10,3,0,1,4,3,0,1,2,2,0,1,0,0,0,0,0,0,0,0,-259,260,0,0,1,0,0,1,0,0,0,0,0,0,0,0,1,0,0,0,0,0,0,0,1,2,0,0,0,0,2,1,0,0,0,0,0,1,0,0,0,0,1,0,0,0,0,1,1,0,3,0,0,2,0,0,0,0,1,0,0,0,1,0,0,0,0,0,0,0,0,1,0,0,0,2,0,2,0,0,1,0,0,0,0,0,1,0,-287,287,0,0,0,0,0,0,0,0,0,0,0,0,0,0,0,0,0,0,0,0,0,0,0,0,0,0,0,3,2,2,6,4,2,6,2,8,14,7,6,0,0,0,0,0,0,0,0,0,0,0,0,0,0,1,1,1,1,1,1,2,4,6,7,12,12,17,19,22,22,29,32,41,43,55,58,61,66,68,73,83,88,92,93,95,101,103,103,106,106,106,106,108,109,110,111,111,112,113,113,114,119,122,122,122,122,122,124,124,124,124,124,124,124,124,124,124,124,124,125,125,128,130,131,131,132,133,136,136,138,138,138,140,142,142,143,143,143,143,143,143,143,143,143,143,143,143,143,144,144,144,144,144,144,144,144,144,144,144,144,144,144,144,144,144,144,144,144,144,144,144,145,147,147,147,147,147,147,147,147,147,147,147,147,147,147,147,147,147,147,147,147,147,147,147,147,147,147,147,147,147,147,147,147,147,147,147,147,148,148,148,149,150,150,150,150,150,150,150,150,150,150,150,150,151,152,153,154,156,157,158,158,159,159,160,160,160,160,160,160,160,160,160,161,165,165,173,181,186,191,202,207,220,220,227,229,232,242,245,245,246,250,253,253,254,256,258,258,259,259,259,259,259,259,259,259,259,0,260,260,260,261,261,261,262,262,262,262,262,262,262,262,262,263,263,263,263,263,263,263,263,264,266,266,266,266,266,268,269,269,269,269,269,269,270,270,270,270,270,271,271,271,271,271,272,273,273,276,276,276,278,278,278,278,278,279,279,279,279,280,280,280,280,280,280,280,280,280,281,281,281,281,283,283,285,285,285,286,286,286,286,286,286,287,287,0,287,287,287,287,287,287,287,287,287,287,287,287,287,287,287,287,287,287,287,287,287,287,287,287,287,287,287,287,290,292,294,300,304,306,312,314,322,336,343,349,66908
Jilin,0,0,0,0,0,0,0,0,0,0,0,0,0,0,0,1,0,0,0,0,0,1,2,0,1,7,1,5,4,3,0,3,2,4,2,4,4,2,6,2,6,3,2,3,5,2,3,5,1,2,2,2,0,0,1,0,0,0,0,0,1,0,0,0,0,0,0,0,0,0,0,0,0,0,0,0,0,0,0,0,0,0,0,0,1,2,1,0,0,0,0,0,1,0,0,0,0,1,0,1,0,0,0,0,0,0,0,3,0,1,0,0,0,0,2,0,0,0,0,3,0,0,5,9,0,3,0,2,0,1,0,0,0,0,8,6,0,2,3,0,1,1,1,1,2,0,0,0,0,0,0,0,0,0,0,0,0,0,0,0,0,0,0,0,0,0,0,0,0,0,0,0,0,0,0,0,0,0,0,0,0,0,0,0,0,0,0,0,0,0,0,0,0,0,0,0,0,0,0,0,0,0,0,1,0,0,0,0,0,0,0,0,0,0,1,0,0,0,0,0,0,0,0,0,0,0,0,0,0,0,0,0,0,0,0,0,0,-155,155,0,0,0,0,0,0,0,0,0,0,0,0,0,0,0,0,0,0,0,0,0,0,0,0,0,0,0,0,0,0,0,0,0,0,0,0,0,0,0,0,0,0,0,0,0,0,0,0,0,0,0,0,0,0,0,0,0,0,0,0,0,0,0,0,0,0,0,0,0,0,0,0,0,0,0,0,0,0,0,0,0,0,0,0,0,0,-155,155,0,0,0,0,0,0,0,0,0,0,0,0,0,0,0,0,0,0,0,0,0,0,0,0,0,0,0,0,0,0,0,0,0,0,0,0,0,0,0,0,0,0,0,0,0,0,0,0,0,0,0,0,0,0,1,1,1,1,1,1,2,4,4,5,12,13,18,22,25,25,28,30,34,36,40,44,46,52,54,60,63,65,68,73,75,78,83,84,86,88,90,90,90,91,91,91,91,91,91,92,92,92,92,92,92,92,92,92,92,92,92,92,92,92,92,92,92,92,92,92,92,92,92,93,95,96,96,96,96,96,96,97,97,97,97,97,98,98,99,99,99,99,99,99,99,99,102,102,103,103,103,103,103,105,105,105,105,105,108,108,108,113,122,122,125,125,127,127,128,128,128,128,128,136,142,142,144,147,147,148,149,150,151,153,153,153,153,153,153,153,153,153,153,153,153,153,153,153,153,153,153,153,153,153,153,153,153,153,153,153,153,153,153,153,153,153,153,153,153,153,153,153,153,153,153,153,153,153,153,153,153,153,153,153,153,153,153,153,153,153,153,153,154,154,154,154,154,154,154,154,154,154,154,155,155,155,155,155,155,155,155,155,155,155,155,155,155,155,155,155,155,155,155,155,155,155,0,155,155,155,155,155,155,155,155,155,155,155,155,155,155,155,155,155,155,155,155,155,155,155,155,155,155,155,155,155,155,155,155,155,155,155,155,155,155,155,155,155,155,155,155,155,155,155,155,155,155,155,155,155,155,155,155,155,155,155,155,155,155,155,155,155,155,155,155,155,155,155,155,155,155,155,155,155,155,155,155,155,155,155,155,155,155,155,0,155,155,155,155,155,155,155,155,155,155,155,155,155,155,155,155,155,155,155,155,155,155,155,155,155,155,155,155,155,155,155,155,155,155,155,155,155,155,155,155,45235
Heilongjiang,0,0,0,0,0,0,0,0,0,0,0,0,0,0,0,0,0,0,2,0,2,3,1,4,1,2,12,1,3,6,11,22,10,5,23,15,18,42,32,9,8,13,17,18,15,35,20,8,14,7,1,22,7,12,13,1,5,6,1,6,1,2,3,1,3,0,2,0,3,0,1,0,0,0,0,0,0,0,0,0,0,0,0,1,0,0,0,0,0,0,0,1,0,1,0,1,2,2,8,0,23,3,45,0,30,1,0,18,-1,16,37,96,30,24,20,8,56,13,24,1,1,0,1,1,0,0,0,0,0,0,0,0,0,0,0,0,0,0,0,0,2,0,0,0,0,0,0,0,0,0,0,0,0,0,0,0,0,0,0,0,0,0,0,0,0,0,0,0,0,0,0,0,0,0,0,0,0,0,0,0,0,0,0,0,0,0,0,0,0,0,0,0,0,0,0,0,0,0,0,0,0,0,0,0,0,0,0,0,0,0,0,0,0,0,0,0,0,0,0,0,0,0,0,0,0,0,0,0,0,1,0,0,0,0,0,0,0,-935,935,0,0,0,0,0,0,0,0,0,0,0,0,0,0,0,0,0,0,0,0,0,0,0,0,0,0,0,0,0,0,0,0,0,0,0,0,0,0,0,0,0,0,0,0,0,0,0,0,0,0,0,0,0,0,0,0,0,0,0,0,0,0,1,0,0,0,0,0,0,0,0,0,0,0,0,0,0,0,0,0,0,0,0,0,0,0,-936,936,0,0,0,0,0,0,0,0,0,0,0,0,0,0,0,0,1,0,0,2,0,0,2,0,1,0,3,0,3,1,0,0,0,0,0,0,1,0,1,0,0,0,0,0,0,0,0,0,0,0,0,0,0,0,0,0,0,2,2,4,7,8,12,13,15,27,28,31,37,48,70,80,85,108,123,141,183,215,224,232,245,262,280,295,330,350,358,372,379,380,402,409,421,434,435,440,446,447,453,454,456,459,460,463,463,465,465,468,468,469,469,469,469,469,469,469,469,469,469,469,469,469,470,470,470,470,470,470,470,470,471,471,472,472,473,475,477,485,485,508,511,556,556,586,587,587,605,604,620,657,753,783,807,827,835,891,904,928,929,930,930,931,932,932,932,932,932,932,932,932,932,932,932,932,932,932,932,932,932,934,934,934,934,934,934,934,934,934,934,934,934,934,934,934,934,934,934,934,934,934,934,934,934,934,934,934,934,934,934,934,934,934,934,934,934,934,934,934,934,934,934,934,934,934,934,934,934,934,934,934,934,934,934,934,934,934,934,934,934,934,934,934,934,934,934,934,934,934,934,934,934,934,934,934,934,934,934,934,934,934,934,934,934,934,934,934,934,934,935,935,935,935,935,935,935,935,0,935,935,935,935,935,935,935,935,935,935,935,935,935,935,935,935,935,935,935,935,935,935,935,935,935,935,935,935,935,935,935,935,935,935,935,935,935,935,935,935,935,935,935,935,935,935,935,935,935,935,935,935,935,935,935,935,935,935,935,935,935,935,935,936,936,936,936,936,936,936,936,936,936,936,936,936,936,936,936,936,936,936,936,936,936,936,936,0,936,936,936,936,936,936,936,936,936,936,936,936,936,936,936,936,936,937,937,937,939,939,939,941,941,942,942,945,945,948,949,949,949,949,949,949,949,950,950,951,270825
Shanghai,0,0,0,0,0,0,0,0,0,1,0,0,2,1,1,0,4,1,0,0,2,3,10,5,11,3,4,5,4,5,28,34,16,21,16,9,13,12,16,22,12,7,4,4,3,8,3,2,2,4,5,3,7,1,1,4,1,1,3,0,0,1,0,1,0,0,1,1,1,1,0,1,3,0,0,4,3,2,0,5,8,27,6,17,11,5,13,3,8,12,10,17,4,23,4,5,9,0,2,1,14,11,10,13,3,13,2,13,0,3,4,1,0,3,0,3,0,1,4,2,5,2,1,0,0,1,3,1,1,0,1,4,1,2,0,2,0,0,3,1,0,1,1,1,0,0,1,0,1,0,0,1,0,0,1,0,0,0,0,1,0,1,2,2,1,0,0,0,2,1,3,0,0,4,3,1,0,0,0,0,1,0,1,3,5,2,5,2,1,2,1,0,4,1,1,1,0,1,2,3,0,2,0,0,1,0,2,1,0,6,0,2,1,5,4,3,2,15,8,6,3,10,3,6,2,12,7,3,6,5,2,7,5,6,6,3,3,-872,877,6,4,3,7,3,4,5,0,1,6,3,4,0,3,2,4,2,2,3,3,5,3,3,2,2,1,2,6,5,5,4,1,4,3,5,3,1,6,8,2,8,5,2,3,3,11,1,2,1,10,8,7,11,11,5,10,5,6,14,7,8,3,3,7,3,7,9,15,9,0,16,8,2,3,6,7,4,0,4,9,6,5,2,1,5,3,-1288,1294,5,1,2,0,4,3,4,6,4,6,3,4,10,5,1,6,4,5,3,7,7,5,11,0,12,8,4,5,0,8,2,3,4,3,8,14,6,4,8,0,0,0,0,0,0,0,0,0,1,1,1,3,4,5,5,9,10,10,10,12,15,25,30,41,44,48,53,57,62,90,124,140,161,177,186,199,211,227,249,261,268,272,276,279,287,290,292,294,298,303,306,313,314,315,319,320,321,324,324,324,325,325,326,326,326,327,328,329,330,330,331,334,334,334,338,341,343,343,348,356,383,389,406,417,422,435,438,446,458,468,485,489,512,516,521,530,530,532,533,547,558,568,581,584,597,599,612,612,615,619,620,620,623,623,626,626,627,631,633,638,640,641,641,641,642,645,646,647,647,648,652,653,655,655,657,657,657,660,661,661,662,663,664,664,664,665,665,666,666,666,667,667,667,668,668,668,668,668,669,669,670,672,674,675,675,675,675,677,678,681,681,681,685,688,689,689,689,689,689,690,690,691,694,699,701,706,708,709,711,712,712,716,717,718,719,719,720,722,725,725,727,727,727,728,728,730,731,731,737,737,739,740,745,749,752,754,769,777,783,786,796,799,805,807,819,826,829,835,840,842,849,854,860,866,869,872,0,877,883,887,890,897,900,904,909,909,910,916,919,923,923,926,928,932,934,936,939,942,947,950,953,955,957,958,960,966,971,976,980,981,985,988,993,996,997,1003,1011,1013,1021,1026,1028,1031,1034,1045,1046,1048,1049,1059,1067,1074,1085,1096,1101,1111,1116,1122,1136,1143,1151,1154,1157,1164,1167,1174,1183,1198,1207,1207,1223,1231,1233,1236,1242,1249,1253,1253,1257,1266,1272,1277,1279,1280,1285,1288,0,1294,1299,1300,1302,1302,1306,1309,1313,1319,1323,1329,1332,1336,1346,1351,1352,1358,1362,1367,1370,1377,1384,1389,1400,1400,1412,1420,1424,1429,1429,1437,1439,1442,1446,1449,1457,1471,1477,1481,1489,268043
Jiangsu,0,0,0,0,0,0,0,0,0,1,0,0,0,0,0,1,3,1,1,1,5,13,12,5,8,21,12,10,37,6,23,30,36,37,33,29,27,35,24,16,31,5,31,12,13,10,7,19,10,15,8,13,9,8,3,6,1,2,0,1,0,0,0,0,0,0,0,0,0,0,0,0,0,0,0,0,0,0,0,1,1,0,0,0,0,0,1,4,0,3,1,0,1,0,0,0,1,1,0,1,0,0,0,0,0,1,1,2,0,0,0,0,0,1,1,0,0,1,0,0,0,0,0,0,0,0,0,0,0,0,0,0,0,0,0,0,0,0,0,0,0,0,0,0,0,0,0,0,0,0,0,0,0,0,0,0,0,0,0,0,0,0,0,0,0,0,0,0,0,0,0,0,0,0,0,1,0,0,0,0,0,0,0,0,0,0,0,0,0,0,0,0,0,0,0,0,0,0,0,0,0,0,0,0,0,0,0,0,0,1,1,-1,0,0,0,0,0,0,1,0,0,0,0,0,0,1,0,0,0,0,1,1,0,0,2,0,0,-661,661,2,0,0,0,0,0,0,0,0,1,0,0,0,0,0,0,0,0,0,0,0,0,0,0,0,0,0,0,0,0,0,0,0,0,0,0,1,0,0,0,0,0,0,0,0,0,1,0,0,0,0,0,0,0,0,0,0,0,0,0,0,0,0,0,0,0,0,1,1,0,0,2,0,0,1,0,1,0,0,0,0,0,0,0,0,2,-674,674,0,1,0,0,0,0,0,0,0,0,1,1,0,2,0,0,0,0,0,3,0,0,0,0,0,0,0,1,0,1,0,0,0,0,0,0,0,0,0,0,0,0,0,0,0,0,0,0,1,1,1,1,1,1,2,5,6,7,8,13,26,38,43,51,72,84,94,131,137,160,190,226,263,296,325,352,387,411,427,458,463,494,506,519,529,536,555,565,580,588,601,610,618,621,627,628,630,630,631,631,631,631,631,631,631,631,631,631,631,631,631,631,631,631,631,631,631,631,632,633,633,633,633,633,633,634,638,638,641,642,642,643,643,643,643,644,645,645,646,646,646,646,646,646,647,648,650,650,650,650,650,650,651,652,652,652,653,653,653,653,653,653,653,653,653,653,653,653,653,653,653,653,653,653,653,653,653,653,653,653,653,653,653,653,653,653,653,653,653,653,653,653,653,653,653,653,653,653,653,653,653,653,653,653,653,653,653,653,653,653,653,653,653,653,654,654,654,654,654,654,654,654,654,654,654,654,654,654,654,654,654,654,654,654,654,654,654,654,654,654,654,654,654,654,654,654,654,654,655,656,655,655,655,655,655,655,655,656,656,656,656,656,656,656,657,657,657,657,657,658,659,659,659,661,661,661,0,661,663,663,663,663,663,663,663,663,663,664,664,664,664,664,664,664,664,664,664,664,664,664,664,664,664,664,664,664,664,664,664,664,664,664,664,664,665,665,665,665,665,665,665,665,665,665,666,666,666,666,666,666,666,666,666,666,666,666,666,666,666,666,666,666,666,666,666,667,668,668,668,670,670,670,671,671,672,672,672,672,672,672,672,672,672,674,0,674,674,675,675,675,675,675,675,675,675,675,676,677,677,679,679,679,679,679,679,682,682,682,682,682,682,682,682,683,683,684,684,684,684,684,684,684,684,684,684,215898
Zhejiang,0,0,0,0,0,0,0,0,1,0,0,0,0,2,1,5,6,8,13,12,15,18,17,29,46,27,50,29,48,40,42,28,33,44,30,65,38,47,35,36,29,20,67,62,44,40,19,22,30,28,10,23,7,7,16,13,7,0,0,2,0,5,0,1,0,2,0,0,2,0,0,1,0,3,0,0,1,0,2,0,1,1,0,0,2,3,0,1,2,1,3,2,0,2,0,1,2,2,1,2,2,0,1,1,3,1,1,1,1,0,0,2,0,0,0,0,0,0,0,0,0,0,0,0,0,0,0,0,0,0,0,0,0,0,0,0,0,0,0,0,0,0,0,0,0,0,0,0,0,0,0,0,0,0,0,0,0,0,0,0,0,0,0,0,0,0,0,0,0,0,0,0,0,0,0,0,0,0,0,0,0,0,0,0,0,0,0,0,0,0,0,1,0,0,0,0,0,0,0,0,0,0,0,0,0,0,0,0,0,0,0,0,0,0,0,0,0,0,0,0,0,0,0,0,0,0,0,0,0,0,0,0,0,0,0,0,0,-1268,1268,0,0,0,0,4,0,0,0,0,0,0,0,0,0,0,0,0,0,0,0,0,0,0,0,0,0,0,0,0,0,0,0,0,0,0,0,0,7,0,0,0,0,0,0,0,0,0,0,0,0,0,0,0,0,0,0,0,0,0,0,0,0,0,0,0,0,0,4,0,0,0,0,0,0,0,0,0,0,0,0,0,5,0,0,0,0,-1288,1288,0,0,0,2,0,0,0,0,0,0,0,0,0,0,0,0,0,0,0,0,0,0,3,0,0,0,0,0,0,0,0,3,0,0,0,0,0,0,0,0,0,0,0,0,0,0,0,1,1,1,1,1,3,4,9,15,23,36,48,63,81,98,127,173,200,250,279,327,367,409,437,470,514,544,609,647,694,729,765,794,814,881,943,987,1027,1046,1068,1098,1126,1136,1159,1166,1173,1189,1202,1209,1209,1209,1211,1211,1216,1216,1217,1217,1219,1219,1219,1221,1221,1221,1222,1222,1225,1225,1225,1226,1226,1228,1228,1229,1230,1230,1230,1232,1235,1235,1236,1238,1239,1242,1244,1244,1246,1246,1247,1249,1251,1252,1254,1256,1256,1257,1258,1261,1262,1263,1264,1265,1265,1265,1267,1267,1267,1267,1267,1267,1267,1267,1267,1267,1267,1267,1267,1267,1267,1267,1267,1267,1267,1267,1267,1267,1267,1267,1267,1267,1267,1267,1267,1267,1267,1267,1267,1267,1267,1267,1267,1267,1267,1267,1267,1267,1267,1267,1267,1267,1267,1267,1267,1267,1267,1267,1267,1267,1267,1267,1267,1267,1267,1267,1267,1267,1267,1267,1267,1267,1267,1267,1267,1267,1267,1267,1267,1267,1267,1267,1267,1267,1267,1267,1268,1268,1268,1268,1268,1268,1268,1268,1268,1268,1268,1268,1268,1268,1268,1268,1268,1268,1268,1268,1268,1268,1268,1268,1268,1268,1268,1268,1268,1268,1268,1268,1268,1268,1268,1268,1268,1268,1268,1268,1268,1268,1268,1268,1268,1268,0,1268,1268,1268,1268,1268,1272,1272,1272,1272,1272,1272,1272,1272,1272,1272,1272,1272,1272,1272,1272,1272,1272,1272,1272,1272,1272,1272,1272,1272,1272,1272,1272,1272,1272,1272,1272,1272,1272,1279,1279,1279,1279,1279,1279,1279,1279,1279,1279,1279,1279,1279,1279,1279,1279,1279,1279,1279,1279,1279,1279,1279,1279,1279,1279,1279,1279,1279,1279,1283,1283,1283,1283,1283,1283,1283,1283,1283,1283,1283,1283,1283,1283,1288,1288,1288,1288,1288,0,1288,1288,1288,1288,1290,1290,1290,1290,1290,1290,1290,1290,1290,1290,1290,1290,1290,1290,1290,1290,1290,1290,1290,1293,1293,1293,1293,1293,1293,1293,1293,1293,1296,1296,1296,1296,1296,1296,1296,1296,416417
Anhui,0,0,0,0,0,0,0,0,0,0,0,0,0,0,2,1,0,2,2,7,6,3,11,13,12,14,15,20,20,38,32,34,34,27,68,63,76,66,54,28,44,35,37,50,28,26,20,29,24,15,14,5,6,3,0,0,0,0,0,0,0,0,0,0,0,0,0,0,0,0,0,0,0,0,0,0,0,0,0,0,0,0,0,0,0,0,0,0,0,0,0,0,0,0,0,0,0,0,0,0,1,0,0,0,0,0,0,0,0,0,0,0,0,0,0,0,0,0,0,0,0,0,0,0,0,0,0,0,0,0,0,0,0,0,0,0,0,0,0,0,0,0,0,0,0,0,0,0,0,0,0,0,0,0,0,0,0,0,0,0,0,0,0,0,0,0,0,0,0,0,0,0,0,0,0,0,0,0,0,0,0,0,0,0,0,0,0,0,0,0,0,0,0,0,0,0,0,0,0,0,0,0,0,0,0,0,0,0,0,0,0,0,0,0,0,0,0,0,0,0,0,0,0,0,0,0,0,0,0,0,0,0,0,0,0,0,0,-985,985,0,0,0,0,0,0,0,0,0,0,0,0,0,0,0,0,0,0,0,0,0,0,0,0,0,0,0,0,0,0,0,0,0,0,0,0,0,0,0,0,0,0,0,0,0,0,0,0,0,0,0,0,0,0,0,0,0,0,0,0,0,0,0,0,0,0,0,0,0,0,0,0,0,0,0,0,0,0,1,0,0,0,0,0,0,0,-986,986,0,0,0,0,0,0,0,0,0,0,0,0,0,0,0,0,0,0,0,0,0,0,0,0,0,0,0,0,0,0,0,0,0,0,1,0,0,0,0,0,0,0,0,0,0,0,0,0,0,0,0,0,0,2,3,3,5,7,14,20,23,34,47,59,73,88,108,128,166,198,232,266,293,361,424,500,566,620,648,692,727,764,814,842,868,888,917,941,956,970,975,981,984,984,984,984,984,984,984,984,984,984,984,984,984,984,984,984,984,984,984,984,984,984,984,984,984,984,984,984,984,984,984,984,984,984,984,984,984,984,984,984,984,984,984,984,984,984,984,985,985,985,985,985,985,985,985,985,985,985,985,985,985,985,985,985,985,985,985,985,985,985,985,985,985,985,985,985,985,985,985,985,985,985,985,985,985,985,985,985,985,985,985,985,985,985,985,985,985,985,985,985,985,985,985,985,985,985,985,985,985,985,985,985,985,985,985,985,985,985,985,985,985,985,985,985,985,985,985,985,985,985,985,985,985,985,985,985,985,985,985,985,985,985,985,985,985,985,985,985,985,985,985,985,985,985,985,985,985,985,985,985,985,985,985,985,985,985,985,985,985,985,985,985,985,985,985,985,985,985,985,985,985,985,985,985,0,985,985,985,985,985,985,985,985,985,985,985,985,985,985,985,985,985,985,985,985,985,985,985,985,985,985,985,985,985,985,985,985,985,985,985,985,985,985,985,985,985,985,985,985,985,985,985,985,985,985,985,985,985,985,985,985,985,985,985,985,985,985,985,985,985,985,985,985,985,985,985,985,985,985,985,985,985,985,985,986,986,986,986,986,986,986,986,0,986,986,986,986,986,986,986,986,986,986,986,986,986,986,986,986,986,986,986,986,986,986,986,986,986,986,986,986,986,986,986,986,986,986,986,987,987,987,987,987,323551
Fujian,0,0,0,0,0,0,0,0,0,0,0,0,0,0,0,0,0,0,0,1,6,4,4,5,4,11,4,7,8,5,7,11,7,7,5,16,22,16,15,9,14,17,20,7,9,2,4,8,6,8,9,6,11,0,0,0,0,0,0,0,0,0,0,0,0,0,0,0,0,0,0,0,0,0,0,0,0,3,1,2,0,3,1,2,1,2,2,9,4,4,2,2,1,2,3,0,2,0,1,4,3,0,0,0,0,4,0,0,0,0,0,0,0,1,0,0,0,0,0,0,0,1,0,0,0,0,0,0,0,0,0,0,0,0,0,0,0,0,1,0,0,0,0,0,0,0,0,0,0,0,0,0,0,0,0,0,1,0,0,0,0,0,0,0,0,0,0,0,2,0,0,1,0,0,0,0,0,1,0,0,0,0,0,0,0,0,0,0,0,0,0,0,0,0,0,0,1,1,0,0,0,0,0,0,0,0,0,0,0,0,0,1,1,0,0,0,0,0,0,0,0,0,0,0,0,1,0,0,0,0,2,1,0,1,0,2,0,-372,373,0,1,1,1,1,0,0,0,3,0,0,0,0,1,3,1,0,2,0,1,0,2,1,0,2,1,0,3,2,1,0,0,2,4,0,0,0,0,1,2,0,0,0,0,0,1,0,0,0,0,0,0,1,0,1,1,1,1,2,1,1,0,1,0,0,3,3,0,4,1,0,2,1,0,0,0,3,1,0,2,2,1,4,3,0,0,-450,453,0,1,1,3,0,2,0,3,8,2,2,0,3,2,0,2,3,1,0,0,0,0,0,0,2,0,0,1,1,3,0,2,0,2,0,0,2,0,4,0,0,0,0,0,0,0,0,0,0,0,0,0,0,0,0,0,0,0,1,7,11,15,20,24,35,39,46,54,59,66,77,84,91,96,112,134,150,165,174,188,205,225,232,241,243,247,255,261,269,278,284,295,295,295,295,295,295,295,295,295,295,295,295,295,295,295,295,295,295,295,295,295,295,295,295,295,298,299,301,301,304,305,307,308,310,312,321,325,329,331,333,334,336,339,339,341,341,342,346,349,349,349,349,349,353,353,353,353,353,353,353,353,354,354,354,354,354,354,354,354,355,355,355,355,355,355,355,355,355,355,355,355,355,355,355,355,355,356,356,356,356,356,356,356,356,356,356,356,356,356,356,356,356,356,356,357,357,357,357,357,357,357,357,357,357,357,357,359,359,359,360,360,360,360,360,360,361,361,361,361,361,361,361,361,361,361,361,361,361,361,361,361,361,361,361,362,363,363,363,363,363,363,363,363,363,363,363,363,363,363,364,365,365,365,365,365,365,365,365,365,365,365,365,365,366,366,366,366,366,368,369,369,370,370,372,372,0,373,373,374,375,376,377,377,377,377,380,380,380,380,380,381,384,385,385,387,387,388,388,390,391,391,393,394,394,397,399,400,400,400,402,406,406,406,406,406,407,409,409,409,409,409,409,410,410,410,410,410,410,410,411,411,412,413,414,415,417,418,419,419,420,420,420,423,426,426,430,431,431,433,434,434,434,434,437,438,438,440,442,443,447,450,450,450,0,453,453,454,455,458,458,460,460,463,471,473,475,475,478,480,480,482,485,486,486,486,486,486,486,486,488,488,488,489,490,493,493,495,495,497,497,497,499,499,503,123547
Jiangxi,0,0,0,0,0,0,0,0,0,0,0,0,0,3,0,4,2,1,8,1,8,10,8,10,17,30,25,25,18,17,23,29,36,35,52,70,57,55,67,34,37,37,35,36,21,20,0,19,20,14,17,7,8,3,4,4,7,0,0,0,0,0,0,0,0,0,0,0,0,0,0,0,0,0,0,1,0,0,0,0,0,0,0,0,0,0,1,0,0,0,0,0,0,0,0,0,0,0,0,0,0,0,0,0,0,0,0,0,0,0,0,0,0,0,0,0,0,0,0,0,0,0,0,0,0,0,0,0,0,0,0,0,0,0,0,0,0,0,0,0,-5,0,0,0,0,0,0,0,0,0,0,0,0,0,0,0,0,0,0,0,0,0,0,0,0,0,0,0,0,0,0,0,0,0,0,0,0,0,0,0,0,0,0,0,0,0,0,0,0,0,0,0,0,0,0,0,0,0,0,0,0,0,0,0,0,0,0,0,0,0,0,0,0,0,0,0,0,0,0,0,0,0,0,0,0,1,2,0,0,0,0,0,0,0,0,0,0,-934,934,0,0,0,0,0,0,0,0,0,0,0,0,0,0,0,0,0,0,0,0,0,0,0,0,0,0,0,0,0,0,0,0,0,0,0,0,0,0,0,0,0,0,0,0,0,0,0,0,0,0,0,0,0,0,0,0,0,0,0,0,0,0,0,0,0,0,0,0,0,0,0,0,0,0,0,0,0,0,0,0,0,0,0,0,0,0,-934,934,0,0,0,0,0,0,0,0,0,0,0,0,0,0,0,0,0,0,0,0,0,0,0,0,0,0,0,0,0,0,0,0,0,0,0,0,0,0,0,0,0,0,0,0,0,0,0,0,0,0,0,0,3,3,7,9,10,18,19,27,37,45,55,72,102,127,152,170,187,210,239,275,310,362,432,489,544,611,645,682,719,754,790,811,831,831,850,870,884,901,908,916,919,923,927,934,934,934,934,934,934,934,934,934,934,934,934,934,934,934,934,934,934,934,935,935,935,935,935,935,935,935,935,935,935,936,936,936,936,936,936,936,936,936,936,936,936,936,936,936,936,936,936,936,936,936,936,936,936,936,936,936,936,936,936,936,936,936,936,936,936,936,936,936,936,936,936,936,936,936,936,936,936,936,936,936,936,936,936,931,931,931,931,931,931,931,931,931,931,931,931,931,931,931,931,931,931,931,931,931,931,931,931,931,931,931,931,931,931,931,931,931,931,931,931,931,931,931,931,931,931,931,931,931,931,931,931,931,931,931,931,931,931,931,931,931,931,931,931,931,931,931,931,931,931,931,931,931,931,931,931,931,931,931,931,931,931,931,931,931,931,931,931,931,932,934,934,934,934,934,934,934,934,934,934,934,0,934,934,934,934,934,934,934,934,934,934,934,934,934,934,934,934,934,934,934,934,934,934,934,934,934,934,934,934,934,934,934,934,934,934,934,934,934,934,934,934,934,934,934,934,934,934,934,934,934,934,934,934,934,934,934,934,934,934,934,934,934,934,934,934,934,934,934,934,934,934,934,934,934,934,934,934,934,934,934,934,934,934,934,934,934,934,934,0,934,934,934,934,934,934,934,934,934,934,934,934,934,934,934,934,934,934,934,934,934,934,934,934,934,934,934,934,934,934,934,934,934,934,934,934,934,934,934,934,307144
Shandong,0,0,0,0,0,0,0,0,0,0,0,0,0,0,1,1,0,3,1,1,6,5,13,7,12,13,8,9,18,13,28,25,11,18,22,23,32,23,18,14,18,14,24,9,21,20,24,42,14,65,26,23,12,10,56,17,13,6,1,1,2,3,0,1,1,1,1,1,1,0,0,0,0,0,1,0,0,0,1,1,0,0,0,0,1,0,1,0,1,1,2,0,0,4,0,0,0,1,0,0,1,0,1,0,0,3,1,0,0,0,1,0,2,0,1,0,0,1,0,0,0,1,2,0,0,0,0,0,0,0,0,0,0,0,0,0,0,0,0,0,0,0,0,0,0,1,0,0,0,0,0,1,0,1,0,0,0,2,0,0,0,0,0,0,0,0,0,0,0,0,0,0,0,0,0,0,0,0,0,0,0,0,0,0,0,0,0,0,0,0,0,0,0,0,0,0,0,0,0,1,0,0,0,0,0,1,1,0,0,0,0,1,0,1,0,0,3,0,0,1,1,2,1,0,3,0,1,4,1,0,1,1,0,0,0,1,1,-811,811,1,0,1,0,0,0,0,0,1,1,1,0,0,0,0,5,0,1,1,0,0,0,0,0,0,0,0,0,0,0,1,0,0,0,0,0,0,1,0,0,1,1,0,0,0,0,2,0,0,4,1,1,0,1,0,1,0,2,0,0,0,1,1,0,0,0,0,0,0,0,0,0,0,0,0,0,0,0,0,0,0,0,0,0,0,0,-841,841,0,0,0,0,0,0,0,0,0,0,0,0,0,0,0,0,0,0,1,2,0,0,2,1,0,0,1,0,0,0,3,1,0,0,0,1,0,1,1,0,0,0,0,0,0,0,0,0,0,0,0,0,0,1,2,2,5,6,7,13,18,31,38,50,63,71,80,98,111,139,164,175,193,215,238,270,293,311,325,343,357,381,390,411,431,455,497,511,576,602,625,637,647,703,720,733,739,740,741,743,746,746,747,748,749,750,751,752,752,752,752,752,752,753,753,753,753,754,755,755,755,755,755,756,756,757,757,758,759,761,761,761,765,765,765,765,766,766,766,767,767,768,768,768,771,772,772,772,772,773,773,775,775,776,776,776,777,777,777,777,778,780,780,780,780,780,780,780,780,780,780,780,780,780,780,780,780,780,780,780,780,780,780,780,781,781,781,781,781,781,782,782,783,783,783,783,785,785,785,785,785,785,785,785,785,785,785,785,785,785,785,785,785,785,785,785,785,785,785,785,785,785,785,785,785,785,785,785,785,785,785,785,785,785,785,785,785,785,786,786,786,786,786,786,787,788,788,788,788,788,789,789,790,790,790,793,793,793,794,795,797,798,798,801,801,802,806,807,807,808,809,809,809,809,810,811,0,811,812,812,813,813,813,813,813,813,814,815,816,816,816,816,816,821,821,822,823,823,823,823,823,823,823,823,823,823,823,823,824,824,824,824,824,824,824,825,825,825,826,827,827,827,827,827,829,829,829,833,834,835,835,836,836,837,837,839,839,839,839,840,841,841,841,841,841,841,841,841,841,841,841,841,841,841,841,841,841,841,841,841,841,841,841,841,0,841,841,841,841,841,841,841,841,841,841,841,841,841,841,841,841,841,841,841,842,844,844,844,846,847,847,847,848,848,848,848,851,852,852,852,852,853,853,854,855,258692
Henan,0,0,0,0,0,0,0,0,0,0,0,0,0,1,1,1,0,1,10,6,21,13,14,29,34,38,29,33,27,55,43,41,41,67,47,62,103,85,59,69,59,34,39,41,58,24,20,1,28,5,2,3,2,1,0,2,0,0,0,1,0,0,0,0,0,0,0,0,0,0,0,0,0,1,0,0,0,0,0,0,0,1,0,0,0,0,0,1,0,1,0,0,0,0,0,0,0,0,0,0,0,0,0,0,0,0,0,0,0,0,0,0,0,0,0,0,0,0,0,0,0,0,0,0,0,0,0,0,0,0,0,0,0,0,0,0,0,0,0,0,0,0,0,0,0,0,0,0,0,0,0,0,0,0,0,0,0,0,0,0,0,0,0,0,0,0,0,0,0,0,0,0,0,0,0,0,0,0,0,0,0,0,0,0,0,0,0,0,0,0,0,0,0,0,0,0,0,0,0,0,0,0,0,0,0,0,0,0,0,0,0,0,0,0,0,0,0,0,0,0,0,0,0,0,0,0,0,0,0,0,0,0,0,0,0,0,0,-1254,1254,0,0,0,0,0,0,0,0,0,0,0,0,0,0,0,0,0,0,0,0,0,0,0,0,0,0,0,1,0,0,0,0,0,0,1,0,0,0,0,0,0,1,0,0,0,0,0,0,0,0,1,0,0,0,0,0,0,0,0,0,0,0,1,0,0,0,0,0,0,2,0,0,0,0,0,0,0,0,0,0,0,0,2,0,2,0,-1265,1266,0,0,0,0,0,0,0,0,0,1,0,1,1,0,1,0,0,0,0,0,0,0,0,0,0,0,0,0,0,1,0,2,0,0,0,0,0,0,0,0,0,0,0,0,0,0,0,0,0,0,0,0,1,2,3,3,4,14,20,41,54,68,97,131,169,198,231,258,313,356,397,438,505,552,614,717,802,861,930,989,1023,1062,1103,1161,1185,1205,1206,1234,1239,1241,1244,1246,1247,1247,1249,1249,1249,1249,1250,1250,1250,1250,1250,1250,1250,1250,1250,1250,1250,1250,1250,1250,1251,1251,1251,1251,1251,1251,1251,1251,1252,1252,1252,1252,1252,1252,1253,1253,1254,1254,1254,1254,1254,1254,1254,1254,1254,1254,1254,1254,1254,1254,1254,1254,1254,1254,1254,1254,1254,1254,1254,1254,1254,1254,1254,1254,1254,1254,1254,1254,1254,1254,1254,1254,1254,1254,1254,1254,1254,1254,1254,1254,1254,1254,1254,1254,1254,1254,1254,1254,1254,1254,1254,1254,1254,1254,1254,1254,1254,1254,1254,1254,1254,1254,1254,1254,1254,1254,1254,1254,1254,1254,1254,1254,1254,1254,1254,1254,1254,1254,1254,1254,1254,1254,1254,1254,1254,1254,1254,1254,1254,1254,1254,1254,1254,1254,1254,1254,1254,1254,1254,1254,1254,1254,1254,1254,1254,1254,1254,1254,1254,1254,1254,1254,1254,1254,1254,1254,1254,1254,1254,1254,1254,1254,1254,1254,1254,1254,1254,1254,1254,1254,1254,1254,1254,1254,1254,1254,1254,1254,1254,1254,1254,1254,1254,1254,0,1254,1254,1254,1254,1254,1254,1254,1254,1254,1254,1254,1254,1254,1254,1254,1254,1254,1254,1254,1254,1254,1254,1254,1254,1254,1254,1254,1254,1255,1255,1255,1255,1255,1255,1255,1256,1256,1256,1256,1256,1256,1256,1257,1257,1257,1257,1257,1257,1257,1257,1257,1258,1258,1258,1258,1258,1258,1258,1258,1258,1258,1258,1258,1259,1259,1259,1259,1259,1259,1259,1261,1261,1261,1261,1261,1261,1261,1261,1261,1261,1261,1261,1261,1263,1263,1265,1265,0,1266,1266,1266,1266,1266,1266,1266,1266,1266,1266,1267,1267,1268,1269,1269,1270,1270,1270,1270,1270,1270,1270,1270,1270,1270,1270,1270,1270,1270,1270,1271,1271,1273,1273,1273,1273,1273,1273,1273,1273,414934
Hubei,5,3,4,5,1,0,3,0,3,1,10,2,3,33,10,26,50,49,80,101,124,113,184,298,324,356,427,417,533,690,912,849,1016,1223,1266,1209,1451,1769,1742,1439,2116,2058,2288,3203,2492,2292,2570,2410,33,4279,99,2890,1543,1422,1152,1471,1242,18,1248,2714,816,893,18,881,1495,561,490,447,444,487,391,530,367,467,317,271,0,173,145,291,183,69,59,69,45,49,28,17,57,0,64,33,0,-941,0,17,3,0,33,22,24,11,12,0,0,0,0,0,0,0,0,0,0,0,0,0,0,0,0,0,0,0,0,0,0,0,0,0,0,0,0,1,0,1,0,0,0,1,1,0,0,0,3,0,0,0,0,0,0,0,0,0,0,0,0,0,0,0,0,0,0,0,0,0,0,0,0,0,0,0,0,0,0,0,0,0,0,0,0,0,0,0,0,0,0,0,0,0,0,0,0,0,0,0,0,0,0,0,0,0,0,0,0,0,0,0,0,0,0,0,0,0,0,2,0,0,0,1,0,0,0,0,0,0,0,0,0,0,0,1,0,0,0,0,0,0,0,-63627,63627,0,0,0,0,0,0,0,0,0,0,0,0,0,0,0,0,0,0,0,0,0,0,0,0,0,0,0,0,0,0,0,0,0,0,0,0,0,0,0,0,0,0,0,0,0,0,0,0,0,0,0,0,0,0,0,0,0,0,0,0,0,0,0,0,0,0,0,0,0,1,0,0,0,0,0,0,0,1,0,1,3,0,0,0,0,0,-63633,63635,0,0,1,0,0,0,0,0,1,0,0,0,0,0,0,0,0,0,0,0,0,0,0,0,0,0,0,0,0,0,0,0,0,0,0,0,0,0,0,12,15,19,24,25,25,28,28,31,32,42,44,47,80,90,116,166,215,295,396,520,633,817,1115,1439,1795,2222,2639,3172,3862,4774,5623,6639,7862,9128,10337,11788,13557,15299,16738,18854,20912,23200,26403,28895,31187,33757,36167,36200,40479,40578,43468,45011,46433,47585,49056,50298,50316,51564,54278,55094,55987,56005,56886,58381,58942,59432,59879,60323,60810,61201,61731,62098,62565,62882,63153,63153,63326,63471,63762,63945,64014,64073,64142,64187,64236,64264,64281,64338,64338,64402,64435,64435,63494,63494,63511,63514,63514,63547,63569,63593,63604,63616,63616,63616,63616,63616,63616,63616,63616,63616,63616,63616,63616,63616,63616,63616,63616,63616,63616,63616,63616,63616,63616,63616,63616,63616,63616,63616,63616,63616,63617,63617,63618,63618,63618,63618,63619,63620,63620,63620,63620,63623,63623,63623,63623,63623,63623,63623,63623,63623,63623,63623,63623,63623,63623,63623,63623,63623,63623,63623,63623,63623,63623,63623,63623,63623,63623,63623,63623,63623,63623,63623,63623,63623,63623,63623,63623,63623,63623,63623,63623,63623,63623,63623,63623,63623,63623,63623,63623,63623,63623,63623,63623,63623,63623,63623,63623,63623,63623,63623,63623,63623,63623,63623,63623,63623,63623,63623,63623,63623,63623,63623,63625,63625,63625,63625,63626,63626,63626,63626,63626,63626,63626,63626,63626,63626,63626,63626,63627,63627,63627,63627,63627,63627,63627,63627,0,63627,63627,63627,63627,63627,63627,63627,63627,63627,63627,63627,63627,63627,63627,63627,63627,63627,63627,63627,63627,63627,63627,63627,63627,63627,63627,63627,63627,63627,63627,63627,63627,63627,63627,63627,63627,63627,63627,63627,63627,63627,63627,63627,63627,63627,63627,63627,63627,63627,63627,63627,63627,63627,63627,63627,63627,63627,63627,63627,63627,63627,63627,63627,63627,63627,63627,63627,63627,63627,63627,63628,63628,63628,63628,63628,63628,63628,63628,63629,63629,63630,63633,63633,63633,63633,63633,63633,0,63635,63635,63635,63636,63636,63636,63636,63636,63636,63637,63637,63637,63637,63637,63637,63637,63637,63637,63637,63637,63637,63637,63637,63637,63637,63637,63637,63637,63637,63637,63637,63637,63637,63637,63637,63637,63637,63637,63637,63637,20245969
Hunan,0,0,0,0,0,0,0,0,0,0,0,0,0,0,0,2,1,5,8,6,13,21,35,28,40,27,27,50,49,40,37,41,37,34,41,36,60,32,34,17,30,28,14,27,21,12,23,10,27,20,13,13,6,14,9,7,3,6,5,5,0,0,0,0,0,0,0,0,0,0,0,0,0,0,0,0,0,0,0,0,0,0,0,0,0,0,0,0,0,0,0,0,0,1,0,0,0,0,0,0,0,0,0,0,0,0,0,0,0,0,0,0,0,0,0,0,0,0,0,0,0,0,0,0,0,0,0,0,0,0,0,0,0,0,0,0,0,0,0,0,0,0,0,0,0,0,0,0,0,0,0,0,0,0,0,0,0,0,0,0,0,0,0,0,0,0,0,0,0,0,0,0,0,0,0,0,0,0,0,0,0,0,0,0,0,0,0,0,0,0,0,0,0,0,0,0,0,0,0,0,0,0,0,0,0,0,0,0,0,0,0,0,0,0,0,0,0,0,0,0,0,0,0,0,0,0,0,0,0,0,0,0,0,0,0,0,0,-1015,1015,0,0,0,0,0,0,0,0,0,0,0,0,0,0,0,0,0,0,0,0,0,0,0,0,0,0,0,0,0,0,0,0,0,0,0,0,0,0,0,0,0,0,0,0,0,0,0,0,0,0,0,0,0,0,0,0,0,0,0,0,0,0,0,0,0,0,0,0,0,0,0,0,0,1,0,0,0,0,0,0,0,0,0,0,0,0,-1016,1016,0,0,0,0,0,0,0,0,0,0,0,0,0,0,0,0,0,0,0,0,0,0,0,0,0,0,0,0,0,0,0,0,1,0,0,0,0,0,0,0,0,0,0,0,0,0,0,0,0,0,0,0,0,0,2,3,8,16,22,35,56,91,119,159,186,213,263,312,352,389,430,467,501,542,578,638,670,704,721,751,779,793,820,841,853,876,886,913,933,946,959,965,979,988,995,998,1004,1009,1014,1014,1014,1014,1014,1014,1014,1014,1014,1014,1014,1014,1014,1014,1014,1014,1014,1014,1014,1014,1014,1014,1014,1014,1014,1014,1014,1014,1014,1014,1014,1014,1014,1014,1015,1015,1015,1015,1015,1015,1015,1015,1015,1015,1015,1015,1015,1015,1015,1015,1015,1015,1015,1015,1015,1015,1015,1015,1015,1015,1015,1015,1015,1015,1015,1015,1015,1015,1015,1015,1015,1015,1015,1015,1015,1015,1015,1015,1015,1015,1015,1015,1015,1015,1015,1015,1015,1015,1015,1015,1015,1015,1015,1015,1015,1015,1015,1015,1015,1015,1015,1015,1015,1015,1015,1015,1015,1015,1015,1015,1015,1015,1015,1015,1015,1015,1015,1015,1015,1015,1015,1015,1015,1015,1015,1015,1015,1015,1015,1015,1015,1015,1015,1015,1015,1015,1015,1015,1015,1015,1015,1015,1015,1015,1015,1015,1015,1015,1015,1015,1015,1015,1015,1015,1015,1015,1015,1015,1015,1015,1015,1015,1015,1015,1015,1015,1015,1015,1015,1015,1015,1015,1015,1015,1015,1015,1015,1015,0,1015,1015,1015,1015,1015,1015,1015,1015,1015,1015,1015,1015,1015,1015,1015,1015,1015,1015,1015,1015,1015,1015,1015,1015,1015,1015,1015,1015,1015,1015,1015,1015,1015,1015,1015,1015,1015,1015,1015,1015,1015,1015,1015,1015,1015,1015,1015,1015,1015,1015,1015,1015,1015,1015,1015,1015,1015,1015,1015,1015,1015,1015,1015,1015,1015,1015,1015,1015,1015,1015,1015,1015,1015,1015,1016,1016,1016,1016,1016,1016,1016,1016,1016,1016,1016,1016,1016,0,1016,1016,1016,1016,1016,1016,1016,1016,1016,1016,1016,1016,1016,1016,1016,1016,1016,1016,1016,1016,1016,1016,1016,1016,1016,1016,1016,1016,1016,1016,1016,1016,1016,1017,1017,1017,1017,1017,1017,1017,335383
Guangdong,0,0,0,0,0,0,0,0,2,0,0,0,2,1,1,3,-9,12,2,6,12,17,19,29,28,18,38,60,43,48,54,50,37,57,41,48,45,56,20,32,33,36,32,46,53,37,25,47,14,43,71,9,22,13,7,22,6,1,10,0,5,2,1,7,4,7,0,4,4,1,0,3,0,8,6,2,3,1,11,1,9,9,8,6,22,11,0,3,6,15,4,9,4,7,8,4,7,2,15,10,6,8,0,1,5,6,3,8,2,1,1,3,3,0,0,1,0,1,1,0,1,0,0,0,0,0,0,1,0,0,0,1,0,0,1,0,1,0,0,0,0,0,1,0,0,1,1,1,1,1,1,0,0,2,1,10,1,9,1,0,5,1,1,0,1,0,3,2,0,0,2,0,2,0,0,0,0,3,0,0,0,1,0,1,0,0,0,1,0,0,0,2,2,1,3,0,3,3,2,0,1,3,2,2,0,2,1,5,2,1,4,2,3,2,1,0,3,2,2,4,1,5,0,1,2,3,8,1,2,1,2,0,1,0,1,4,6,-1733,1743,2,0,4,2,2,0,7,4,3,1,3,3,3,3,2,3,0,4,3,4,0,3,4,1,2,2,3,4,6,1,1,0,2,0,4,2,1,4,4,1,3,4,3,6,4,4,4,1,0,7,5,0,5,4,1,0,4,6,0,2,5,6,3,3,1,0,1,2,0,5,3,2,2,2,1,1,1,1,4,0,2,0,2,1,1,3,-1956,1958,6,2,2,1,1,2,1,0,0,0,1,3,2,1,2,4,7,2,0,4,4,5,0,0,0,3,1,0,2,1,3,2,2,0,2,0,4,2,1,0,0,0,0,0,0,0,0,2,2,2,2,4,5,6,9,0,12,14,20,32,49,68,97,125,143,181,241,284,332,386,436,473,530,571,619,664,720,740,772,805,841,873,919,972,1009,1034,1081,1095,1138,1209,1218,1240,1253,1260,1282,1288,1289,1299,1299,1304,1306,1307,1314,1318,1325,1325,1329,1333,1334,1334,1337,1337,1345,1351,1353,1356,1357,1368,1369,1378,1387,1395,1401,1423,1434,1434,1437,1443,1458,1462,1471,1475,1482,1490,1494,1501,1503,1518,1528,1534,1542,1542,1543,1548,1554,1557,1565,1567,1568,1569,1572,1575,1575,1575,1576,1576,1577,1578,1578,1579,1579,1579,1579,1579,1579,1579,1580,1580,1580,1580,1581,1581,1581,1582,1582,1583,1583,1583,1583,1583,1583,1584,1584,1584,1585,1586,1587,1588,1589,1590,1590,1590,1592,1593,1603,1604,1613,1614,1614,1619,1620,1621,1621,1622,1622,1625,1627,1627,1627,1629,1629,1631,1631,1631,1631,1631,1634,1634,1634,1634,1635,1635,1636,1636,1636,1636,1637,1637,1637,1637,1639,1641,1642,1645,1645,1648,1651,1653,1653,1654,1657,1659,1661,1661,1663,1664,1669,1671,1672,1676,1678,1681,1683,1684,1684,1687,1689,1691,1695,1696,1701,1701,1702,1704,1707,1715,1716,1718,1719,1721,1721,1722,1722,1723,1727,1733,0,1743,1745,1745,1749,1751,1753,1753,1760,1764,1767,1768,1771,1774,1777,1780,1782,1785,1785,1789,1792,1796,1796,1799,1803,1804,1806,1808,1811,1815,1821,1822,1823,1823,1825,1825,1829,1831,1832,1836,1840,1841,1844,1848,1851,1857,1861,1865,1869,1870,1870,1877,1882,1882,1887,1891,1892,1892,1896,1902,1902,1904,1909,1915,1918,1921,1922,1922,1923,1925,1925,1930,1933,1935,1937,1939,1940,1941,1942,1943,1947,1947,1949,1949,1951,1952,1953,1956,0,1958,1964,1966,1968,1969,1970,1972,1973,1973,1973,1973,1974,1977,1979,1980,1982,1986,1993,1995,1995,1999,2003,2008,2008,2008,2008,2011,2012,2012,2014,2015,2018,2020,2022,2022,2024,2024,2028,2030,2031,551739
Guangxi,0,0,0,0,0,0,0,0,0,0,0,0,0,2,0,0,0,0,0,5,3,4,3,0,1,0,12,1,2,2,5,6,5,7,18,11,8,4,5,3,22,9,21,7,6,7,9,14,8,3,4,2,4,7,4,3,4,2,0,0,4,1,2,0,0,0,0,0,0,0,0,0,0,0,0,0,0,0,2,0,0,0,0,0,0,0,0,0,0,0,0,0,0,0,0,0,0,0,0,0,0,0,0,0,0,0,0,0,0,0,0,0,0,0,0,0,0,0,0,0,0,0,0,0,0,0,0,0,0,0,0,0,0,0,0,0,0,0,0,0,0,0,0,0,0,0,0,0,0,0,0,0,0,0,0,0,0,0,0,0,0,0,0,0,0,0,0,0,0,0,0,0,0,0,0,0,0,0,0,0,0,0,0,0,0,0,0,0,0,0,1,0,0,0,0,0,0,0,0,0,0,0,0,0,0,0,0,0,0,0,0,0,0,0,0,0,0,0,0,0,0,0,0,0,0,0,0,0,0,0,0,0,0,0,0,0,0,-253,253,0,0,0,0,0,0,0,0,0,0,0,0,1,0,0,0,0,0,0,0,0,1,0,0,0,0,0,0,0,1,0,0,0,0,0,0,0,2,0,0,0,0,0,0,0,0,0,0,0,0,0,0,0,0,0,0,0,0,0,0,0,0,0,0,0,0,0,0,0,0,0,0,0,0,0,0,0,0,0,0,0,1,0,1,0,0,-260,260,0,1,0,0,0,0,0,0,0,0,0,0,0,0,0,0,0,0,0,0,0,0,0,0,0,0,0,0,0,0,0,0,0,0,0,0,0,0,0,0,0,0,0,0,0,0,0,0,0,0,0,0,2,2,2,2,2,2,7,10,14,17,17,18,18,30,31,33,35,40,46,51,58,76,87,95,99,104,107,129,138,159,166,172,179,188,202,210,213,217,219,223,230,234,237,241,243,243,243,247,248,250,250,250,250,250,250,250,250,250,250,250,250,250,250,250,250,252,252,252,252,252,252,252,252,252,252,252,252,252,252,252,252,252,252,252,252,252,252,252,252,252,252,252,252,252,252,252,252,252,252,252,252,252,252,252,252,252,252,252,252,252,252,252,252,252,252,252,252,252,252,252,252,252,252,252,252,252,252,252,252,252,252,252,252,252,252,252,252,252,252,252,252,252,252,252,252,252,252,252,252,252,252,252,252,252,252,252,252,252,252,252,252,252,252,252,252,252,252,252,252,252,252,252,252,252,252,252,252,253,253,253,253,253,253,253,253,253,253,253,253,253,253,253,253,253,253,253,253,253,253,253,253,253,253,253,253,253,253,253,253,253,253,253,253,253,253,253,253,253,253,253,253,253,253,253,0,253,253,253,253,253,253,253,253,253,253,253,253,253,254,254,254,254,254,254,254,254,254,255,255,255,255,255,255,255,255,256,256,256,256,256,256,256,256,258,258,258,258,258,258,258,258,258,258,258,258,258,258,258,258,258,258,258,258,258,258,258,258,258,258,258,258,258,258,258,258,258,258,258,258,258,258,258,258,258,258,258,258,259,259,260,260,260,0,260,260,261,261,261,261,261,261,261,261,261,261,261,261,261,261,261,261,261,261,261,261,261,261,261,261,261,261,261,261,261,261,261,261,261,261,261,261,261,261,82713
Hainan,0,0,0,0,0,0,0,0,0,0,0,0,0,0,1,0,0,0,3,0,0,1,3,3,4,4,0,1,7,3,8,1,13,7,20,5,5,7,8,2,10,8,5,3,4,12,0,3,4,3,0,0,0,1,0,0,1,0,0,0,0,1,0,0,0,0,0,0,0,1,0,0,0,0,0,0,0,0,0,0,0,0,0,0,0,0,0,0,0,0,0,0,0,0,0,0,0,0,0,0,0,0,0,0,0,0,0,0,0,0,0,0,0,0,0,0,0,0,0,0,0,0,0,0,0,0,0,0,0,0,0,0,0,0,0,1,0,0,-1,0,0,0,0,0,0,0,0,0,0,0,0,0,1,0,0,0,0,0,0,0,0,0,0,2,0,0,0,0,0,0,0,0,0,0,0,0,0,0,0,0,0,0,0,0,0,0,0,0,0,0,0,0,0,0,0,0,0,0,0,0,0,0,0,0,0,0,0,0,0,0,0,0,0,0,0,0,0,0,0,0,0,0,0,0,0,0,0,0,0,0,0,0,0,0,0,0,0,-165,165,0,0,0,0,0,0,0,0,0,0,0,0,0,0,0,0,0,0,0,0,0,0,0,0,0,0,0,0,0,0,0,0,0,0,0,0,0,0,0,0,0,0,0,0,0,0,0,0,0,0,0,0,0,0,0,0,0,0,0,0,0,0,0,0,0,0,0,0,0,0,0,0,0,0,0,0,0,0,0,0,0,0,0,0,0,0,-165,165,0,0,0,0,0,0,0,0,0,0,0,0,0,0,0,0,0,0,0,0,0,0,0,0,0,0,0,0,0,0,0,0,0,0,0,0,0,0,0,0,0,0,0,0,0,0,0,0,0,0,0,0,0,1,1,1,1,4,4,4,5,8,11,15,19,19,20,27,30,38,39,52,59,79,84,89,96,104,106,116,124,129,132,136,148,148,151,155,158,158,158,158,159,159,159,160,160,160,160,160,161,161,161,161,161,161,161,161,162,162,162,162,162,162,162,162,162,162,162,162,162,162,162,162,162,162,162,162,162,162,162,162,162,162,162,162,162,162,162,162,162,162,162,162,162,162,162,162,162,162,162,162,162,162,162,162,162,162,162,162,162,162,162,162,162,162,162,162,162,162,162,162,162,162,163,163,163,162,162,162,162,162,162,162,162,162,162,162,162,162,162,163,163,163,163,163,163,163,163,163,163,163,165,165,165,165,165,165,165,165,165,165,165,165,165,165,165,165,165,165,165,165,165,165,165,165,165,165,165,165,165,165,165,165,165,165,165,165,165,165,165,165,165,165,165,165,165,165,165,165,165,165,165,165,165,165,165,165,165,165,165,165,165,165,165,165,165,165,165,165,165,165,165,165,165,165,0,165,165,165,165,165,165,165,165,165,165,165,165,165,165,165,165,165,165,165,165,165,165,165,165,165,165,165,165,165,165,165,165,165,165,165,165,165,165,165,165,165,165,165,165,165,165,165,165,165,165,165,165,165,165,165,165,165,165,165,165,165,165,165,165,165,165,165,165,165,165,165,165,165,165,165,165,165,165,165,165,165,165,165,165,165,165,165,0,165,165,165,165,165,165,165,165,165,165,165,165,165,165,165,165,165,165,165,165,165,165,165,165,165,165,165,165,165,165,165,165,165,165,165,165,165,165,165,165,53924
Chongqing,0,0,0,0,0,0,0,0,0,0,0,0,0,0,1,0,0,2,4,2,5,1,9,7,8,12,15,13,23,26,24,32,23,18,29,20,25,17,12,7,14,23,12,17,21,16,12,19,21,12,10,1,13,1,15,5,7,10,2,0,4,0,0,0,0,0,0,0,0,0,0,0,0,0,0,0,0,0,0,0,0,0,0,0,0,0,0,0,0,0,0,0,0,0,0,0,0,0,0,3,0,0,0,0,0,0,0,0,0,0,0,0,0,0,0,0,0,0,0,0,0,0,0,0,0,0,0,0,0,0,0,0,0,0,0,0,0,0,0,0,0,0,0,0,0,0,0,0,0,0,0,0,0,0,0,0,0,0,0,0,0,0,0,0,0,0,0,0,0,0,1,0,0,0,0,0,1,0,0,0,0,0,1,0,0,0,0,0,0,0,0,0,0,0,0,0,1,0,0,0,0,0,0,0,0,0,0,0,0,0,0,0,0,0,0,0,0,0,0,0,0,0,0,0,0,0,0,0,0,0,0,0,0,0,0,0,0,-577,577,0,0,0,0,0,0,0,0,0,0,0,1,0,0,0,0,0,0,0,0,0,0,0,0,0,0,0,0,0,0,0,0,0,0,0,0,0,0,0,0,1,0,0,0,0,0,0,0,0,0,0,0,0,0,1,0,0,0,0,0,2,0,0,0,0,0,0,1,0,0,0,0,0,0,0,0,0,0,0,0,0,0,0,0,0,0,-583,583,0,0,0,0,0,0,0,0,0,1,0,0,0,0,0,0,0,0,0,0,0,0,0,0,0,0,0,0,0,0,0,0,0,0,0,0,0,0,0,0,0,0,0,0,0,0,0,0,0,0,0,0,0,1,1,1,3,7,9,14,15,24,31,39,51,66,79,102,128,152,184,207,225,254,274,299,316,328,335,349,372,384,401,422,438,450,469,490,502,512,513,526,527,542,547,554,564,566,566,570,570,570,570,570,570,570,570,570,570,570,570,570,570,570,570,570,570,570,570,570,570,570,570,570,570,570,570,570,570,570,570,570,570,570,570,570,570,570,573,573,573,573,573,573,573,573,573,573,573,573,573,573,573,573,573,573,573,573,573,573,573,573,573,573,573,573,573,573,573,573,573,573,573,573,573,573,573,573,573,573,573,573,573,573,573,573,573,573,573,573,573,573,573,573,573,573,573,573,573,573,573,573,573,573,573,573,573,573,573,574,574,574,574,574,574,575,575,575,575,575,575,576,576,576,576,576,576,576,576,576,576,576,576,576,576,577,577,577,577,577,577,577,577,577,577,577,577,577,577,577,577,577,577,577,577,577,577,577,577,577,577,577,577,577,577,577,577,577,577,577,577,577,577,577,577,577,0,577,577,577,577,577,577,577,577,577,577,577,577,578,578,578,578,578,578,578,578,578,578,578,578,578,578,578,578,578,578,578,578,578,578,578,578,578,578,578,578,578,579,579,579,579,579,579,579,579,579,579,579,579,579,579,580,580,580,580,580,580,582,582,582,582,582,582,582,583,583,583,583,583,583,583,583,583,583,583,583,583,583,583,583,583,583,583,0,583,583,583,583,583,583,583,583,583,583,584,584,584,584,584,584,584,584,584,584,584,584,584,584,584,584,584,584,584,584,584,584,584,584,584,584,584,584,584,584,188724
Sichuan,0,0,0,0,0,0,0,0,0,0,0,0,0,0,1,0,2,0,9,2,9,4,10,13,10,16,6,3,8,12,10,12,9,27,14,21,24,20,14,7,15,14,18,16,24,13,15,11,11,6,22,20,9,8,5,14,10,6,10,5,1,4,0,5,11,0,0,0,0,0,0,0,0,0,0,0,0,1,0,1,1,1,1,0,0,5,1,0,1,0,2,2,0,0,2,0,0,2,1,1,0,0,0,0,0,0,0,0,0,0,0,0,0,0,0,0,0,0,0,0,0,0,0,0,0,0,0,0,0,0,0,0,0,0,0,0,0,0,0,0,0,0,0,0,0,0,0,0,2,1,1,1,0,0,2,2,2,1,0,0,2,1,2,0,0,0,2,1,2,0,1,0,0,0,0,0,1,3,2,0,0,2,0,1,1,1,0,0,1,0,1,0,0,0,0,1,1,0,1,0,0,0,0,1,0,1,0,0,0,0,1,2,3,1,0,0,2,1,0,1,1,0,0,4,2,2,1,2,0,0,2,3,3,2,2,0,0,-634,642,0,3,0,0,3,2,0,1,1,0,0,2,1,1,1,0,0,2,1,0,0,3,0,0,0,1,0,1,0,5,3,3,4,0,1,0,5,1,0,3,4,2,5,0,1,0,3,3,0,0,1,1,1,2,2,0,1,6,2,3,1,0,0,5,2,1,0,5,0,2,1,1,0,0,3,6,0,5,0,1,0,1,6,6,1,2,-776,779,2,2,3,1,3,2,0,2,0,3,0,1,2,1,0,3,2,1,2,3,3,2,0,0,5,0,2,2,0,2,0,1,1,3,2,0,5,4,1,0,0,0,0,0,0,0,0,0,0,0,0,0,0,1,1,3,3,12,14,23,27,37,50,60,76,82,85,93,105,115,127,136,163,177,198,222,242,256,263,278,292,310,326,350,363,378,389,400,406,428,448,457,465,470,484,494,500,510,515,516,520,520,525,536,536,536,536,536,536,536,536,536,536,536,536,536,537,537,538,539,540,541,541,541,546,547,547,548,548,550,552,552,552,554,554,554,556,557,558,558,558,558,558,558,558,558,558,558,558,558,558,558,558,558,558,558,558,558,558,558,558,558,558,558,558,558,558,558,558,558,558,558,558,558,558,558,558,558,558,558,558,558,558,558,558,558,558,560,561,562,563,563,563,565,567,569,570,570,570,572,573,575,575,575,575,577,578,580,580,581,581,581,581,581,581,582,585,587,587,587,589,589,590,591,592,592,592,593,593,594,594,594,594,594,595,596,596,597,597,597,597,597,598,598,599,599,599,599,599,600,602,605,606,606,606,608,609,609,610,611,611,611,615,617,619,620,622,622,622,624,627,630,632,634,634,634,0,642,642,645,645,645,648,650,650,651,652,652,652,654,655,656,657,657,657,659,660,660,660,663,663,663,663,664,664,665,665,670,673,676,680,680,681,681,686,687,687,690,694,696,701,701,702,702,705,708,708,708,709,710,711,713,715,715,716,722,724,727,728,728,728,733,735,736,736,741,741,743,744,745,745,745,748,754,754,759,759,760,760,761,767,773,774,776,0,779,781,783,786,787,790,792,792,794,794,797,797,798,800,801,801,804,806,807,809,812,815,817,817,817,822,822,824,826,826,828,828,829,830,833,835,835,840,844,845,206211
Guizhou,0,0,0,0,0,0,0,0,0,0,0,0,0,1,0,0,1,0,0,0,3,1,0,0,1,0,3,7,3,8,5,4,10,19,3,2,5,14,1,11,1,1,8,0,0,0,2,0,0,0,0,1,2,6,0,10,4,3,3,0,0,1,0,0,0,0,0,0,0,0,0,0,0,0,0,0,0,0,0,0,0,0,0,0,0,0,0,0,0,0,0,0,0,0,1,0,0,0,0,0,0,0,0,0,0,0,0,0,0,0,0,0,0,0,0,0,0,0,0,0,0,0,0,0,0,0,0,0,0,0,0,0,0,0,0,0,0,0,0,0,0,0,0,0,0,0,0,0,0,0,0,0,0,0,0,0,0,0,0,0,0,0,0,0,0,0,0,0,0,0,0,0,0,0,0,0,0,0,0,0,0,0,0,0,0,0,0,0,0,0,0,0,0,0,0,0,0,0,0,0,0,0,0,0,0,0,0,0,0,0,0,0,0,0,0,0,0,0,0,0,0,0,0,0,0,0,0,0,0,0,0,0,0,0,0,0,0,-145,145,0,0,0,0,0,0,0,0,0,0,0,0,0,0,0,0,0,0,0,0,0,0,0,0,0,0,0,0,0,0,0,0,0,0,0,0,0,0,0,0,0,0,0,0,0,0,0,0,0,0,0,0,0,0,0,0,0,0,0,0,0,0,0,0,0,0,0,0,0,0,0,0,0,0,0,0,0,0,0,0,0,0,0,0,0,0,-145,145,0,0,0,0,0,0,0,0,0,0,0,0,0,0,0,0,0,0,0,0,0,0,0,0,0,0,0,0,0,0,0,0,0,0,0,0,0,0,0,0,0,0,0,0,0,0,0,0,0,0,0,0,1,1,1,2,2,2,2,5,6,6,6,7,7,10,17,20,28,33,37,47,66,69,71,76,90,91,102,103,104,112,112,112,112,114,114,114,114,114,115,117,123,123,133,137,140,143,143,143,144,144,144,144,144,144,144,144,144,144,144,144,144,144,144,144,144,144,144,144,144,144,144,144,144,144,144,144,144,144,144,144,144,145,145,145,145,145,145,145,145,145,145,145,145,145,145,145,145,145,145,145,145,145,145,145,145,145,145,145,145,145,145,145,145,145,145,145,145,145,145,145,145,145,145,145,145,145,145,145,145,145,145,145,145,145,145,145,145,145,145,145,145,145,145,145,145,145,145,145,145,145,145,145,145,145,145,145,145,145,145,145,145,145,145,145,145,145,145,145,145,145,145,145,145,145,145,145,145,145,145,145,145,145,145,145,145,145,145,145,145,145,145,145,145,145,145,145,145,145,145,145,145,145,145,145,145,145,145,145,145,145,145,145,145,145,145,145,145,145,145,145,145,145,145,145,0,145,145,145,145,145,145,145,145,145,145,145,145,145,145,145,145,145,145,145,145,145,145,145,145,145,145,145,145,145,145,145,145,145,145,145,145,145,145,145,145,145,145,145,145,145,145,145,145,145,145,145,145,145,145,145,145,145,145,145,145,145,145,145,145,145,145,145,145,145,145,145,145,145,145,145,145,145,145,145,145,145,145,145,145,145,145,145,0,145,145,145,145,145,145,145,145,145,145,145,145,145,145,145,145,145,145,145,145,145,145,145,145,145,145,145,145,145,145,145,145,145,145,145,145,145,145,145,145,47394
Yunnan,0,0,0,0,0,0,0,0,0,0,0,0,0,0,0,0,1,1,1,2,0,0,2,5,5,1,1,1,3,4,8,7,0,5,10,3,19,17,11,8,9,5,15,6,6,1,6,5,1,0,0,1,0,0,0,0,0,0,0,2,0,0,0,0,0,0,0,0,0,0,0,0,0,0,0,0,0,0,0,0,0,0,1,0,0,0,1,0,0,1,1,0,1,0,1,0,0,0,0,2,0,1,0,0,0,0,0,0,0,0,0,0,0,0,1,0,1,0,0,0,0,0,0,0,0,0,0,0,0,0,0,0,0,0,0,0,0,0,0,0,0,0,0,0,0,0,0,0,0,0,0,0,0,0,0,0,0,0,0,0,0,0,0,0,0,0,0,0,0,0,0,0,0,0,0,0,0,0,0,0,0,0,0,0,0,1,0,0,1,0,0,0,1,0,0,0,0,0,0,1,0,0,0,0,0,0,0,1,0,0,0,0,0,0,0,0,0,1,0,0,0,0,0,0,0,0,2,0,0,0,0,0,0,0,0,1,0,-192,193,0,0,0,1,1,0,0,0,0,1,0,0,0,0,0,0,0,0,1,0,0,0,1,1,0,1,0,0,0,0,0,0,0,0,0,0,0,0,0,1,0,1,2,1,1,0,0,0,0,0,1,0,1,0,0,0,0,0,0,0,0,1,0,0,0,0,0,0,0,1,0,0,0,0,0,0,0,0,0,0,0,0,0,0,0,0,-210,210,0,0,0,0,0,0,0,0,1,0,0,0,0,0,0,0,2,0,0,0,0,0,1,0,1,0,0,0,1,0,0,2,1,0,0,0,0,4,0,0,0,0,0,0,0,0,0,0,0,0,0,0,0,0,0,1,2,3,5,5,5,7,12,17,18,19,20,23,27,35,42,42,47,57,60,79,96,107,115,124,129,144,150,156,157,163,168,169,169,169,170,170,170,170,170,170,170,170,172,172,172,172,172,172,172,172,172,172,172,172,172,172,172,172,172,172,172,172,172,172,172,173,173,173,173,174,174,174,175,176,176,177,177,178,178,178,178,178,180,180,181,181,181,181,181,181,181,181,181,181,181,181,181,182,182,183,183,183,183,183,183,183,183,183,183,183,183,183,183,183,183,183,183,183,183,183,183,183,183,183,183,183,183,183,183,183,183,183,183,183,183,183,183,183,183,183,183,183,183,183,183,183,183,183,183,183,183,183,183,183,183,183,183,183,183,183,183,183,183,183,183,183,183,183,184,184,184,185,185,185,185,186,186,186,186,186,186,186,187,187,187,187,187,187,187,187,188,188,188,188,188,188,188,188,188,188,189,189,189,189,189,189,189,189,189,191,191,191,191,191,191,191,191,191,192,192,0,193,193,193,193,194,195,195,195,195,195,196,196,196,196,196,196,196,196,196,197,197,197,197,198,199,199,200,200,200,200,200,200,200,200,200,200,200,200,200,200,201,201,202,204,205,206,206,206,206,206,206,207,207,208,208,208,208,208,208,208,208,208,209,209,209,209,209,209,209,209,210,210,210,210,210,210,210,210,210,210,210,210,210,210,210,210,210,0,210,210,210,210,210,210,210,210,210,211,211,211,211,211,211,211,211,213,213,213,213,213,213,214,214,215,215,215,215,216,216,216,218,219,219,219,219,219,223,223,62761
Xizang,0,0,0,0,0,0,0,0,0,0,0,0,0,0,0,0,0,0,0,0,0,0,0,0,0,0,0,0,1,0,0,0,0,0,0,0,0,0,0,0,0,0,0,0,0,0,0,0,0,0,0,0,0,0,0,0,0,0,0,0,0,0,0,0,0,0,0,0,0,0,0,0,0,0,0,0,0,0,0,0,0,0,0,0,0,0,0,0,0,0,0,0,0,0,0,0,0,0,0,0,0,0,0,0,0,0,0,0,0,0,0,0,0,0,0,0,0,0,0,0,0,0,0,0,0,0,0,0,0,0,0,0,0,0,0,0,0,0,0,0,0,0,0,0,0,0,0,0,0,0,0,0,0,0,0,0,0,0,0,0,0,0,0,0,0,0,0,0,0,0,0,0,0,0,0,0,0,0,0,0,0,0,0,0,0,0,0,0,0,0,0,0,0,0,0,0,0,0,0,0,0,0,0,0,0,0,0,0,0,0,0,0,0,0,0,0,0,0,0,0,0,0,0,0,0,0,0,0,0,0,0,0,0,0,0,0,0,-1,1,0,0,0,0,0,0,0,0,0,0,0,0,0,0,0,0,0,0,0,0,0,0,0,0,0,0,0,0,0,0,0,0,0,0,0,0,0,0,0,0,0,0,0,0,0,0,0,0,0,0,0,0,0,0,0,0,0,0,0,0,0,0,0,0,0,0,0,0,0,0,0,0,0,0,0,0,0,0,0,0,0,0,0,0,0,0,-1,1,0,0,0,0,0,0,0,0,0,0,0,0,0,0,0,0,0,0,0,0,0,0,0,0,0,0,0,0,0,0,0,0,0,0,0,0,0,0,0,0,0,0,0,0,0,0,0,0,0,0,0,0,0,0,0,0,0,0,0,0,0,0,0,0,0,0,0,1,1,1,1,1,1,1,1,1,1,1,1,1,1,1,1,1,1,1,1,1,1,1,1,1,1,1,1,1,1,1,1,1,1,1,1,1,1,1,1,1,1,1,1,1,1,1,1,1,1,1,1,1,1,1,1,1,1,1,1,1,1,1,1,1,1,1,1,1,1,1,1,1,1,1,1,1,1,1,1,1,1,1,1,1,1,1,1,1,1,1,1,1,1,1,1,1,1,1,1,1,1,1,1,1,1,1,1,1,1,1,1,1,1,1,1,1,1,1,1,1,1,1,1,1,1,1,1,1,1,1,1,1,1,1,1,1,1,1,1,1,1,1,1,1,1,1,1,1,1,1,1,1,1,1,1,1,1,1,1,1,1,1,1,1,1,1,1,1,1,1,1,1,1,1,1,1,1,1,1,1,1,1,1,1,1,1,1,1,1,1,1,1,1,1,1,1,1,1,1,1,1,1,1,1,1,1,1,1,0,1,1,1,1,1,1,1,1,1,1,1,1,1,1,1,1,1,1,1,1,1,1,1,1,1,1,1,1,1,1,1,1,1,1,1,1,1,1,1,1,1,1,1,1,1,1,1,1,1,1,1,1,1,1,1,1,1,1,1,1,1,1,1,1,1,1,1,1,1,1,1,1,1,1,1,1,1,1,1,1,1,1,1,1,1,1,1,0,1,1,1,1,1,1,1,1,1,1,1,1,1,1,1,1,1,1,1,1,1,1,1,1,1,1,1,1,1,1,1,1,1,1,1,1,1,1,1,1,337
Shaanxi,0,0,0,0,0,0,0,0,0,0,0,0,0,0,0,0,0,0,0,1,1,4,5,-2,8,3,6,5,5,8,5,4,11,15,10,0,21,7,23,13,22,11,8,3,3,7,2,7,2,4,2,2,0,1,0,0,5,0,0,0,0,1,3,1,0,0,2,0,0,1,0,2,0,0,0,0,0,0,0,2,1,1,0,0,0,0,0,2,0,0,0,3,1,0,0,0,0,1,0,0,0,0,0,0,0,0,0,1,1,5,3,0,1,2,2,24,1,1,2,1,0,3,1,0,0,2,0,0,0,1,1,0,0,0,0,0,0,0,0,0,0,0,0,0,0,0,0,0,1,0,0,0,0,0,0,0,0,0,0,0,1,0,0,0,0,0,0,1,1,1,0,0,1,2,0,0,1,0,0,0,0,0,1,0,0,0,0,1,0,0,1,0,0,0,1,0,0,0,0,0,0,0,0,0,0,0,0,1,0,3,1,1,0,0,0,0,0,11,2,2,2,2,2,2,2,4,0,0,0,2,0,5,0,0,0,0,0,-360,362,2,0,1,3,1,1,0,1,0,1,0,0,0,2,0,0,0,0,4,0,3,1,1,1,2,2,1,5,2,0,1,1,1,0,0,3,0,0,4,3,0,5,0,0,0,3,0,4,0,0,2,0,0,3,0,1,1,0,1,3,2,0,0,0,0,4,1,0,0,4,0,1,2,1,2,0,4,2,0,5,3,4,1,0,2,1,-471,475,3,2,0,0,0,1,0,1,0,1,0,2,0,0,0,0,2,0,0,0,0,0,2,0,1,0,0,0,1,0,2,0,1,3,1,1,1,0,0,0,0,0,0,0,0,0,0,0,0,0,0,0,0,0,0,0,0,0,1,2,6,11,9,17,20,26,31,36,44,49,53,64,79,89,89,110,117,140,153,175,186,194,197,200,207,209,216,218,222,224,226,226,227,227,227,232,232,232,232,232,233,236,237,237,237,239,239,239,240,240,242,242,242,242,242,242,242,242,244,245,246,246,246,246,246,246,248,248,248,248,251,252,252,252,252,252,253,253,253,253,253,253,253,253,253,253,254,255,260,263,263,264,266,268,292,293,294,296,297,297,300,301,301,301,303,303,303,303,304,305,305,305,305,305,305,305,305,305,305,305,305,305,305,305,305,305,305,306,306,306,306,306,306,306,306,306,306,306,306,307,307,307,307,307,307,307,308,309,310,310,310,311,313,313,313,314,314,314,314,314,314,315,315,315,315,315,316,316,316,317,317,317,317,318,318,318,318,318,318,318,318,318,318,318,318,318,319,319,322,323,324,324,324,324,324,324,335,337,339,341,343,345,347,349,353,353,353,353,355,355,360,360,360,360,360,360,0,362,364,364,365,368,369,370,370,371,371,372,372,372,372,374,374,374,374,374,378,378,381,382,383,384,386,388,389,394,396,396,397,398,399,399,399,402,402,402,406,409,409,414,414,414,414,417,417,421,421,421,423,423,423,426,426,427,428,428,429,432,434,434,434,434,434,438,439,439,439,443,443,444,446,447,449,449,453,455,455,460,463,467,468,468,470,471,0,475,478,480,480,480,480,481,481,482,482,483,483,485,485,485,485,485,487,487,487,487,487,487,489,489,490,490,490,490,491,491,493,493,494,497,498,499,500,500,500,113530
Gansu,0,0,0,0,0,0,0,0,0,0,0,0,0,0,0,0,0,0,3,0,1,2,3,0,3,4,5,3,7,8,5,5,5,4,4,3,6,5,0,2,2,0,1,1,0,0,2,1,1,1,0,0,0,0,1,0,0,0,1,1,1,0,0,0,7,15,0,1,4,1,2,2,2,0,0,0,0,2,0,4,0,0,1,1,2,0,0,0,0,0,1,0,1,0,0,0,0,0,0,0,0,0,0,0,0,0,0,0,0,0,0,0,0,0,0,0,0,0,0,0,0,0,0,0,0,0,0,0,0,0,0,0,0,0,0,0,0,0,0,0,0,0,0,0,0,0,0,0,0,0,0,0,0,0,0,0,0,0,0,0,0,1,1,0,1,0,3,3,3,4,1,0,0,2,3,3,0,0,0,0,0,2,1,0,0,0,0,0,0,0,0,0,0,0,0,0,0,0,0,0,0,0,0,0,0,0,0,0,0,0,0,0,0,0,2,0,0,0,0,0,0,0,0,0,0,0,0,0,0,0,0,0,0,0,0,0,0,-167,167,1,0,0,0,0,0,0,0,0,0,0,0,0,0,0,0,0,0,0,0,0,0,0,0,0,0,0,0,0,0,0,0,0,0,0,0,0,0,0,0,0,0,0,0,0,0,0,0,0,0,0,0,0,0,0,0,0,8,0,0,0,0,0,1,0,0,0,0,0,0,0,1,0,0,1,0,0,0,0,0,0,0,0,0,0,0,-179,180,0,0,0,0,0,0,0,0,0,0,0,0,0,0,0,0,0,0,0,0,0,0,0,0,0,0,0,0,0,0,0,0,0,0,0,0,0,0,0,0,0,0,0,0,0,0,0,0,0,0,0,0,0,0,0,0,0,3,3,4,6,9,9,12,16,21,24,31,39,44,49,54,58,62,65,71,76,76,78,80,80,81,82,82,82,84,85,86,87,87,87,87,87,88,88,88,88,89,90,91,91,91,91,98,113,113,114,118,119,121,123,125,125,125,125,125,127,127,131,131,131,132,133,135,135,135,135,135,135,136,136,137,137,137,137,137,137,137,137,137,137,137,137,137,137,137,137,137,137,137,137,137,137,137,137,137,137,137,137,137,137,137,137,137,137,137,137,137,137,137,137,137,137,137,137,137,137,137,137,137,137,137,137,137,137,137,137,137,137,137,137,137,137,137,137,137,137,137,137,137,138,139,139,140,140,143,146,149,153,154,154,154,156,159,162,162,162,162,162,162,164,165,165,165,165,165,165,165,165,165,165,165,165,165,165,165,165,165,165,165,165,165,165,165,165,165,165,165,165,165,165,165,165,167,167,167,167,167,167,167,167,167,167,167,167,167,167,167,167,167,167,167,167,167,167,167,0,167,168,168,168,168,168,168,168,168,168,168,168,168,168,168,168,168,168,168,168,168,168,168,168,168,168,168,168,168,168,168,168,168,168,168,168,168,168,168,168,168,168,168,168,168,168,168,168,168,168,168,168,168,168,168,168,168,168,176,176,176,176,176,176,177,177,177,177,177,177,177,177,178,178,178,179,179,179,179,179,179,179,179,179,179,179,179,0,180,180,180,180,180,180,180,180,180,180,180,180,180,180,180,180,180,180,180,180,180,180,180,180,180,180,180,180,180,180,180,180,180,180,180,180,180,180,180,180,50471
Qinghai,0,0,0,0,0,0,0,0,0,0,0,0,0,0,0,0,0,0,0,0,0,3,0,0,0,0,0,2,4,2,0,2,0,0,2,1,0,2,0,0,0,0,0,0,0,0,0,0,0,0,0,0,0,0,0,0,0,0,0,0,0,0,0,0,0,0,0,0,0,0,0,0,0,0,0,0,0,0,0,0,0,0,0,0,0,0,0,0,0,0,0,0,0,0,0,0,0,0,0,0,0,0,0,0,0,0,0,0,0,0,0,0,0,0,0,0,0,0,0,0,0,0,0,0,0,0,0,0,0,0,0,0,0,0,0,0,0,0,0,0,0,0,0,0,0,0,0,0,0,0,0,0,0,0,0,0,0,0,0,0,0,0,0,0,0,0,0,0,0,0,0,0,0,0,0,0,0,0,0,0,0,0,0,0,0,0,0,0,0,0,0,0,0,0,0,0,0,0,0,0,0,0,0,0,0,0,0,0,0,0,0,0,0,0,0,0,0,0,0,0,0,0,0,0,0,0,0,0,0,0,0,0,0,0,0,0,0,-18,18,0,0,0,0,0,0,0,0,0,0,0,0,0,0,0,0,0,0,0,0,0,0,0,0,0,0,0,0,0,0,0,0,0,0,0,0,0,0,0,0,0,0,0,0,0,0,0,0,0,0,0,0,0,0,0,0,0,0,0,0,0,0,0,0,0,0,0,0,0,0,0,0,0,0,0,0,0,0,0,0,0,0,0,0,0,0,-18,18,0,0,0,0,0,0,0,0,0,0,0,0,0,0,0,0,0,0,0,0,0,0,0,0,0,0,0,0,0,0,0,0,0,0,0,0,0,0,0,0,0,0,0,0,0,0,0,0,0,0,0,0,0,0,0,0,0,0,0,0,3,3,3,3,3,3,5,9,11,11,13,13,13,15,16,16,18,18,18,18,18,18,18,18,18,18,18,18,18,18,18,18,18,18,18,18,18,18,18,18,18,18,18,18,18,18,18,18,18,18,18,18,18,18,18,18,18,18,18,18,18,18,18,18,18,18,18,18,18,18,18,18,18,18,18,18,18,18,18,18,18,18,18,18,18,18,18,18,18,18,18,18,18,18,18,18,18,18,18,18,18,18,18,18,18,18,18,18,18,18,18,18,18,18,18,18,18,18,18,18,18,18,18,18,18,18,18,18,18,18,18,18,18,18,18,18,18,18,18,18,18,18,18,18,18,18,18,18,18,18,18,18,18,18,18,18,18,18,18,18,18,18,18,18,18,18,18,18,18,18,18,18,18,18,18,18,18,18,18,18,18,18,18,18,18,18,18,18,18,18,18,18,18,18,18,18,18,18,18,18,18,18,18,18,18,18,18,18,18,18,18,18,18,18,18,18,0,18,18,18,18,18,18,18,18,18,18,18,18,18,18,18,18,18,18,18,18,18,18,18,18,18,18,18,18,18,18,18,18,18,18,18,18,18,18,18,18,18,18,18,18,18,18,18,18,18,18,18,18,18,18,18,18,18,18,18,18,18,18,18,18,18,18,18,18,18,18,18,18,18,18,18,18,18,18,18,18,18,18,18,18,18,18,18,0,18,18,18,18,18,18,18,18,18,18,18,18,18,18,18,18,18,18,18,18,18,18,18,18,18,18,18,18,18,18,18,18,18,18,18,18,18,18,18,18,6044
Ningxia,0,0,0,0,0,0,0,0,0,0,0,0,0,0,0,0,0,0,0,0,0,1,0,4,8,0,1,8,2,0,3,6,0,2,7,0,2,4,0,9,1,3,4,3,0,1,0,0,0,0,0,2,0,0,0,0,1,0,0,1,0,2,0,0,0,0,0,0,0,0,0,0,0,0,0,0,0,0,0,0,0,0,0,0,0,0,0,0,0,0,0,0,0,0,0,0,0,0,0,0,0,0,0,0,0,0,0,0,0,0,0,0,0,0,0,0,0,0,0,0,0,0,0,0,0,0,0,0,0,0,0,0,0,0,0,0,0,0,0,0,0,0,0,0,0,0,0,0,0,0,0,0,0,0,0,0,0,0,0,0,0,0,0,0,0,0,0,0,0,0,0,0,0,0,0,0,0,0,0,0,0,0,0,0,0,0,0,0,0,0,0,0,0,0,0,0,0,0,0,0,0,0,0,0,0,0,0,0,0,0,0,0,0,0,0,0,0,0,0,0,0,0,0,0,0,0,0,0,0,0,0,0,0,0,0,0,0,-75,75,0,0,0,0,0,0,0,0,0,0,0,0,0,0,0,0,0,0,0,0,0,0,0,0,0,0,0,0,0,0,0,0,0,0,0,0,0,0,0,0,0,0,0,0,0,0,0,0,0,0,0,0,0,0,0,0,0,0,0,0,0,0,0,0,0,0,0,0,0,0,0,0,0,0,0,0,0,0,0,0,0,0,0,0,0,0,-75,75,0,0,0,0,0,0,0,0,0,0,0,0,0,0,0,0,0,0,0,0,0,0,0,0,0,0,0,0,0,0,0,0,0,0,0,0,0,0,0,0,0,0,0,0,0,0,0,0,0,0,0,0,0,0,0,0,0,0,0,0,1,1,5,13,13,14,22,24,24,27,33,33,35,42,42,44,48,48,57,58,61,65,68,68,69,69,69,69,69,69,71,71,71,71,71,72,72,72,73,73,75,75,75,75,75,75,75,75,75,75,75,75,75,75,75,75,75,75,75,75,75,75,75,75,75,75,75,75,75,75,75,75,75,75,75,75,75,75,75,75,75,75,75,75,75,75,75,75,75,75,75,75,75,75,75,75,75,75,75,75,75,75,75,75,75,75,75,75,75,75,75,75,75,75,75,75,75,75,75,75,75,75,75,75,75,75,75,75,75,75,75,75,75,75,75,75,75,75,75,75,75,75,75,75,75,75,75,75,75,75,75,75,75,75,75,75,75,75,75,75,75,75,75,75,75,75,75,75,75,75,75,75,75,75,75,75,75,75,75,75,75,75,75,75,75,75,75,75,75,75,75,75,75,75,75,75,75,75,75,75,75,75,75,75,75,75,75,75,75,75,75,75,75,75,75,75,0,75,75,75,75,75,75,75,75,75,75,75,75,75,75,75,75,75,75,75,75,75,75,75,75,75,75,75,75,75,75,75,75,75,75,75,75,75,75,75,75,75,75,75,75,75,75,75,75,75,75,75,75,75,75,75,75,75,75,75,75,75,75,75,75,75,75,75,75,75,75,75,75,75,75,75,75,75,75,75,75,75,75,75,75,75,75,75,0,75,75,75,75,75,75,75,75,75,75,75,75,75,75,75,75,75,75,75,75,75,75,75,75,75,75,75,75,75,75,75,75,75,75,75,75,75,75,75,75,24777
Xinjiang,0,0,0,0,0,0,0,0,0,0,0,0,0,0,0,0,0,0,0,0,0,0,0,0,0,0,0,3,0,3,0,5,1,0,2,6,2,2,1,3,2,0,4,9,9,10,2,3,1,1,1,1,1,1,0,0,0,0,0,0,0,0,0,0,0,0,0,0,0,0,0,0,0,0,0,0,0,0,0,0,0,0,0,0,0,0,0,0,0,0,0,0,0,0,0,0,0,0,0,0,0,0,0,0,0,0,0,0,0,0,0,0,0,0,0,0,0,0,0,0,0,0,0,0,0,0,0,0,0,0,0,0,0,0,0,0,0,0,0,0,0,0,0,0,0,0,0,0,0,0,0,0,0,0,0,0,0,0,0,0,0,0,0,0,0,0,0,0,0,0,0,0,0,0,0,0,0,0,0,0,0,0,0,0,0,0,0,0,0,0,0,0,0,0,0,6,0,0,3,14,7,12,0,17,1,48,30,47,38,41,38,49,33,40,24,24,23,29,28,47,29,15,23,36,0,31,19,12,0,13,27,2,4,2,4,7,3,-899,899,0,0,0,0,0,0,0,0,0,0,0,0,0,0,0,0,0,0,0,0,0,0,0,0,0,0,0,0,0,0,0,0,0,0,0,0,0,0,0,0,0,0,0,0,0,0,0,0,0,0,0,0,0,0,0,0,0,4,12,3,2,0,16,5,7,4,0,10,7,4,4,0,0,0,0,0,0,0,0,0,0,0,0,0,0,0,-977,977,0,0,0,0,0,0,0,0,0,0,0,0,0,0,0,0,0,0,0,0,0,0,0,0,0,0,0,0,0,0,0,0,0,0,0,0,0,0,0,0,0,0,0,0,0,0,0,0,0,0,0,0,0,0,0,0,0,0,0,0,0,0,0,0,0,0,3,3,6,6,11,12,12,14,20,22,24,25,28,30,30,34,43,52,62,64,67,68,69,70,71,72,73,73,73,73,73,73,73,73,73,73,73,73,73,73,73,73,73,73,73,73,73,73,73,73,73,73,73,73,73,73,73,73,73,73,73,73,73,73,73,73,73,73,73,73,73,73,73,73,73,73,73,73,73,73,73,73,73,73,73,73,73,73,73,73,73,73,73,73,73,73,73,73,73,73,73,73,73,73,73,73,73,73,73,73,73,73,73,73,73,73,73,73,73,73,73,73,73,73,73,73,73,73,73,73,73,73,73,73,73,73,73,73,73,73,73,73,73,73,73,73,73,73,73,73,73,73,73,73,73,73,73,73,73,73,73,73,73,73,73,73,73,73,79,79,79,82,96,103,115,115,132,133,181,211,258,296,337,375,424,457,497,521,545,568,597,625,672,701,716,739,775,775,806,825,837,837,850,877,879,883,885,889,896,899,0,899,899,899,899,899,899,899,899,899,899,899,899,899,899,899,899,899,899,899,899,899,899,899,899,899,899,899,899,899,899,899,899,899,899,899,899,899,899,899,899,899,899,899,899,899,899,899,899,899,899,899,899,899,899,899,899,899,899,903,915,918,920,920,936,941,948,952,952,962,969,973,977,977,977,977,977,977,977,977,977,977,977,977,977,977,977,977,0,977,977,977,977,977,977,977,977,977,977,977,977,977,977,977,977,977,977,977,977,977,977,977,977,977,977,977,977,977,977,977,977,977,977,977,977,977,977,977,977,152970