ProvEN,N_C_200115,N_C_200116,N_C_200117,N_C_200118,N_C_200119,N_C_200120,N_C_200121,N_C_200122,N_C_200123,N_C_200124,N_C_200125,N_C_200126,N_C_200127,N_C_200128,N_C_200129,N_C_200130,N_C_200131,N_C_200201,N_C_200202,N_C_200203,N_C_200204,N_C_200205,N_C_200206,N_C_200207,N_C_200208,N_C_200209,N_C_200210,N_C_200211,N_C_200212,N_C_200213,N_C_200214,N_C_200215,N_C_200216,N_C_200217,N_C_200218,N_C_200219,N_C_200220,N_C_200221,N_C_200222,N_C_200223,N_C_200224,N_C_200225,N_C_200226,N_C_200227,N_C_200228,N_C_200229,N_C_200301,N_C_200302,N_C_200303,N_C_200304,N_C_200305,N_C_200306,N_C_200307,N_C_200308,N_C_200309,N_C_200310,N_C_200311,N_C_200312,N_C_200313,N_C_200314,N_C_200315,N_C_200316,N_C_200317,N_C_200318,N_C_200319,N_C_200320,N_C_200321,N_C_200322,N_C_200323,N_C_200324,N_C_200325,N_C_200326,N_C_200327,N_C_200328,N_C_200329,N_C_200330,N_C_200331,N_C_200401,N_C_200402,N_C_200403,N_C_200404,N_C_200405,N_C_200406,N_C_200407,N_C_200408,N_C_200409,N_C_200410,N_C_200411,N_C_200412,N_C_200413,N_C_200414,N_C_200415,N_C_200416,N_C_200417,N_C_200418,N_C_200419,N_C_200420,N_C_200421,N_C_200422,N_C_200423,N_C_200424,N_C_200425,N_C_200426,N_C_200427,N_C_200428,N_C_200429,N_C_200430,N_C_200501,N_C_200502,N_C_200503,N_C_200504,N_C_200505,N_C_200506,N_C_200507,N_C_200508,N_C_200509,N_C_200510,N_C_200511,N_C_200512,N_C_200513,N_C_200514,N_C_200515,N_C_200516,N_C_200517,N_C_200518,N_C_200519,N_C_200520,N_C_200521,N_C_200522,N_C_200523,N_C_200524,N_C_200525,N_C_200526,N_C_200527,N_C_200528,N_C_200529,N_C_200530,N_C_200531,N_C_200601,N_C_200602,N_C_200603,N_C_200604,N_C_200605,N_C_200606,N_C_200607,N_C_200608,N_C_200609,N_C_200610,N_C_200611,N_C_200612,N_C_200613,N_C_200614,N_C_200615,N_C_200616,N_C_200617,N_C_200618,N_C_200619,N_C_200620,N_C_200621,N_C_200622,N_C_200623,N_C_200624,N_C_200625,N_C_200626,N_C_200627,N_C_200628,N_C_200629,N_C_200630,N_C_200701,N_C_200702,N_C_200703,N_C_200704,N_C_200705,N_C_200706,N_C_200707,N_C_200708,N_C_200709,N_C_200710,N_C_200711,N_C_200712,N_C_200713,N_C_200714,N_C_200715,N_C_200716,N_C_200717,N_C_200718,N_C_200719,N_C_200720,N_C_200721,N_C_200722,N_C_200723,N_C_200724,N_C_200725,N_C_200726,N_C_200727,N_C_200728,N_C_200729,N_C_200730,N_C_200731,N_C_200801,N_C_200802,N_C_200803,N_C_200804,N_C_200805,N_C_200806,N_C_200807,N_C_200808,N_C_200809,N_C_200810,N_C_200811,N_C_200812,N_C_200813,N_C_200814,N_C_200815,N_C_200816,N_C_200817,N_C_200818,N_C_200819,N_C_200820,N_C_200821,N_C_200822,N_C_200823,N_C_200824,N_C_200825,N_C_200826,N_C_200827,N_C_200828,N_C_200829,N_C_200830,N_C_200831,N_C_200901,N_C_200902,N_C_200903,N_C_200904,N_C_200905,N_C_200906,N_C_200907,N_C_200908,N_C_200909,N_C_200910,N_C_200911,N_C_200912,N_C_200913,N_C_200914,N_C_200915,N_C_200916,N_C_200917,N_C_200918,N_C_200919,N_C_200920,N_C_200921,N_C_200922,N_C_200923,N_C_200924,N_C_200925,N_C_200926,N_C_200927,N_C_200928,N_C_200929,N_C_200930,N_C_201001,N_C_201002,N_C_201003,N_C_201004,N_C_201005,N_C_201006,N_C_201007,N_C_201008,N_C_201009,N_C_201010,N_C_201011,N_C_201012,N_C_201013,N_C_201014,N_C_201015,N_C_201016,N_C_201017,N_C_201018,N_C_201019,N_C_201020,N_C_201021,N_C_201022,N_C_201023,N_C_201024,N_C_201025,N_C_201026,N_C_201027,N_C_201028,N_C_201029,N_C_201030,N_C_201031,N_C_201101,N_C_201102,N_C_201103,N_C_201104,N_C_201105,N_C_201106,N_C_201107,N_C_201108,N_C_201109,N_C_201110,N_C_201111,N_C_201112,N_C_201113,N_C_201114,N_C_201115,N_C_201116,N_C_201117,N_C_201118,N_C_201119,N_C_201120,N_C_201121,N_C_201122,N_C_201123,N_C_201124,N_C_201125,N_C_201126,N_C_201127,N_C_201128,N_C_201129,N_C_201130,N_C_201201,N_C_201202,N_C_201203,N_C_201204,N_C_201205,N_C_201206,N_C_201207,N_C_201208,N_C_201209,N_C_201210,N_C_201211,N_C_201212,N_C_201213,N_C_201214,N_C_201215,N_C_201216,N_C_201217,N_C_201218,N_C_201219,N_C_201220,N_C_201221,N_C_201222,N_C_201223,N_C_201224,N_C_201225,N_C_201226,N_C_201227,N_C_201228,N_C_201229,N_C_201230,N_C_201231,N_C_210101,N_C_210102,N_C_210103,N_C_210104,N_C_210105,N_C_210106,N_C_210107,N_C_210108,N_C_210109,N_C_210110,N_C_210111,N_C_210112,N_C_210113,N_C_210114,T_C_200115,T_C_200116,T_C_200117,T_C_200118,T_C_200119,T_C_200120,T_C_200121,T_C_200122,T_C_200123,T_C_200124,T_C_200125,T_C_200126,T_C_200127,T_C_200128,T_C_200129,T_C_200130,T_C_200131,T_C_200201,T_C_200202,T_C_200203,T_C_200204,T_C_200205,T_C_200206,T_C_200207,T_C_200208,T_C_200209,T_C_200210,T_C_200211,T_C_200212,T_C_200213,T_C_200214,T_C_200215,T_C_200216,T_C_200217,T_C_200218,T_C_200219,T_C_200220,T_C_200221,T_C_200222,T_C_200223,T_C_200224,T_C_200225,T_C_200226,T_C_200227,T_C_200228,T_C_200229,T_C_200301,T_C_200302,T_C_200303,T_C_200304,T_C_200305,T_C_200306,T_C_200307,T_C_200308,T_C_200309,T_C_200310,T_C_200311,T_C_200312,T_C_200313,T_C_200314,T_C_200315,T_C_200316,T_C_200317,T_C_200318,T_C_200319,T_C_200320,T_C_200321,T_C_200322,T_C_200323,T_C_200324,T_C_200325,T_C_200326,T_C_200327,T_C_200328,T_C_200329,T_C_200330,T_C_200331,T_C_200401,T_C_200402,T_C_200403,T_C_200404,T_C_200405,T_C_200406,T_C_200407,T_C_200408,T_C_200409,T_C_200410,T_C_200411,T_C_200412,T_C_200413,T_C_200414,T_C_200415,T_C_200416,T_C_200417,T_C_200418,T_C_200419,T_C_200420,T_C_200421,T_C_200422,T_C_200423,T_C_200424,T_C_200425,T_C_200426,T_C_200427,T_C_200428,T_C_200429,T_C_200430,T_C_200501,T_C_200502,T_C_200503,T_C_200504,T_C_200505,T_C_200506,T_C_200507,T_C_200508,T_C_200509,T_C_200510,T_C_200511,T_C_200512,T_C_200513,T_C_200514,T_C_200515,T_C_200516,T_C_200517,T_C_200518,T_C_200519,T_C_200520,T_C_200521,T_C_200522,T_C_200523,T_C_200524,T_C_200525,T_C_200526,T_C_200527,T_C_200528,T_C_200529,T_C_200530,T_C_200531,T_C_200601,T_C_200602,T_C_200603,T_C_200604,T_C_200605,T_C_200606,T_C_200607,T_C_200608,T_C_200609,T_C_200610,T_C_200611,T_C_200612,T_C_200613,T_C_200614,T_C_200615,T_C_200616,T_C_200617,T_C_200618,T_C_200619,T_C_200620,T_C_200621,T_C_200622,T_C_200623,T_C_200624,T_C_200625,T_C_200626,T_C_200627,T_C_200628,T_C_200629,T_C_200630,T_C_200701,T_C_200702,T_C_200703,T_C_200704,T_C_200705,T_C_200706,T_C_200707,T_C_200708,T_C_200709,T_C_200710,T_C_200711,T_C_200712,T_C_200713,T_C_200714,T_C_200715,T_C_200716,T_C_200717,T_C_200718,T_C_200719,T_C_200720,T_C_200721,T_C_200722,T_C_200723,T_C_200724,T_C_200725,T_C_200726,T_C_200727,T_C_200728,T_C_200729,T_C_200730,T_C_200731,T_C_200801,T_C_200802,T_C_200803,T_C_200804,T_C_200805,T_C_200806,T_C_200807,T_C_200808,T_C_200809,T_C_200810,T_C_200811,T_C_200812,T_C_200813,T_C_200814,T_C_200815,T_C_200816,T_C_200817,T_C_200818,T_C_200819,T_C_200820,T_C_200821,T_C_200822,T_C_200823,T_C_200824,T_C_200825,T_C_200826,T_C_200827,T_C_200828,T_C_200829,T_C_200830,T_C_200831,T_C_200901,T_C_200902,T_C_200903,T_C_200904,T_C_200905,T_C_200906,T_C_200907,T_C_200908,T_C_200909,T_C_200910,T_C_200911,T_C_200912,T_C_200913,T_C_200914,T_C_200915,T_C_200916,T_C_200917,T_C_200918,T_C_200919,T_C_200920,T_C_200921,T_C_200922,T_C_200923,T_C_200924,T_C_200925,T_C_200926,T_C_200927,T_C_200928,T_C_200929,T_C_200930,T_C_201001,T_C_201002,T_C_201003,T_C_201004,T_C_201005,T_C_201006,T_C_201007,T_C_201008,T_C_201009,T_C_201010,T_C_201011,T_C_201012,T_C_201013,T_C_201014,T_C_201015,T_C_201016,T_C_201017,T_C_201018,T_C_201019,T_C_201020,T_C_201021,T_C_201022,T_C_201023,T_C_201024,T_C_201025,T_C_201026,T_C_201027,T_C_201028,T_C_201029,T_C_201030,T_C_201031,T_C_201101,T_C_201102,T_C_201103,T_C_201104,T_C_201105,T_C_201106,T_C_201107,T_C_201108,T_C_201109,T_C_201110,T_C_201111,T_C_201112,T_C_201113,T_C_201114,T_C_201115,T_C_201116,T_C_201117,T_C_201118,T_C_201119,T_C_201120,T_C_201121,T_C_201122,T_C_201123,T_C_201124,T_C_201125,T_C_201126,T_C_201127,T_C_201128,T_C_201129,T_C_201130,T_C_201201,T_C_201202,T_C_201203,T_C_201204,T_C_201205,T_C_201206,T_C_201207,T_C_201208,T_C_201209,T_C_201210,T_C_201211,T_C_201212,T_C_201213,T_C_201214,T_C_201215,T_C_201216,T_C_201217,T_C_201218,T_C_201219,T_C_201220,T_C_201221,T_C_201222,T_C_201223,T_C_201224,T_C_201225,T_C_201226,T_C_201227,T_C_201228,T_C_201229,T_C_201230,T_C_201231,T_C_210101,T_C_210102,T_C_210103,T_C_210104,T_C_210105,T_C_210106,T_C_210107,T_C_210108,T_C_210109,T_C_210110,T_C_210111,T_C_210112,T_C_210113,T_C_210114,Comfirmed
Beijing,0,0,0,0,0,5,5,4,8,14,5,27,12,11,23,18,24,27,29,16,25,21,23,18,11,11,5,10,14,6,3,5,1,6,6,2,1,3,0,0,1,0,10,0,1,2,0,1,0,4,4,4,0,2,1,6,0,1,0,6,0,13,3,21,6,14,13,10,32,5,6,4,3,4,1,3,0,0,3,2,1,1,0,1,0,0,1,0,0,0,1,3,0,0,0,0,0,0,0,0,0,0,0,0,0,0,0,0,0,0,0,0,0,0,0,0,0,0,0,0,0,0,0,0,0,0,0,0,0,0,0,0,0,0,0,0,0,0,0,0,1,0,0,0,0,0,0,0,1,2,4,44,28,27,31,21,25,22,22,9,13,7,13,11,17,14,7,7,3,1,2,1,2,1,0,0,0,0,0,0,0,0,0,0,0,0,0,0,0,0,0,0,0,0,0,2,1,1,0,0,0,0,0,1,0,1,0,0,0,0,0,0,0,0,0,0,0,0,0,0,0,0,0,0,0,0,0,0,0,0,0,0,0,0,0,0,0,-935,935,0,0,0,0,0,0,0,0,0,0,0,0,0,0,1,0,0,0,0,0,0,0,0,0,0,0,0,0,0,0,0,1,0,0,0,0,0,0,0,1,0,0,0,2,0,0,1,0,1,0,0,0,0,2,0,1,0,0,0,0,2,0,0,0,0,0,0,0,0,0,1,0,1,1,0,0,0,0,0,0,0,1,0,0,0,1,-952,952,0,0,0,0,0,2,1,1,1,0,0,2,2,0,0,0,0,0,2,8,1,7,1,2,5,1,2,2,1,1,0,1,0,1,1,1,0,1,0,0,0,0,0,0,5,10,14,22,36,41,68,80,91,114,132,156,183,212,228,253,274,297,315,326,337,342,352,366,372,375,380,381,387,393,395,396,399,399,399,400,400,410,410,411,413,413,414,414,418,422,426,426,428,429,435,435,436,436,442,442,455,458,479,485,499,512,522,554,559,565,569,572,576,577,580,580,580,583,585,586,587,587,588,588,588,589,589,589,589,590,593,593,593,593,593,593,593,593,593,593,593,593,593,593,593,593,593,593,593,593,593,593,593,593,593,593,593,593,593,593,593,593,593,593,593,593,593,593,593,593,593,593,593,593,593,593,593,593,593,594,594,594,594,594,594,594,594,595,597,601,645,673,700,731,752,777,799,821,830,843,850,863,874,891,905,912,919,922,923,925,926,928,929,929,929,929,929,929,929,929,929,929,929,929,929,929,929,929,929,929,929,929,929,929,931,932,933,933,933,933,933,933,934,934,935,935,935,935,935,935,935,935,935,935,935,935,935,935,935,935,935,935,935,935,935,935,935,935,935,935,935,935,935,935,935,935,0,935,935,935,935,935,935,935,935,935,935,935,935,935,935,935,936,936,936,936,936,936,936,936,936,936,936,936,936,936,936,936,936,937,937,937,937,937,937,937,937,938,938,938,938,940,940,940,941,941,942,942,942,942,942,944,944,945,945,945,945,945,947,947,947,947,947,947,947,947,947,947,948,948,949,950,950,950,950,950,950,950,950,951,951,951,951,952,0,952,952,952,952,952,952,954,955,956,957,957,957,959,961,961,961,961,961,961,963,971,972,979,980,982,987,988,990,992,993,994,994,995,995,996,997,998,998,999,999,269663
Tianjin,0,0,0,0,0,0,2,2,1,3,2,4,9,1,3,4,1,9,7,12,7,2,10,2,7,3,4,11,6,7,1,2,2,1,3,2,1,2,2,0,0,0,0,1,0,0,0,0,0,0,0,0,0,0,0,0,0,0,0,0,0,0,0,0,1,0,0,0,4,4,2,5,4,7,3,8,0,2,1,3,0,0,0,0,1,1,1,0,1,0,1,0,1,3,0,0,0,0,0,0,1,0,0,0,0,0,0,0,0,0,0,0,0,0,1,0,0,0,0,0,0,0,0,1,0,0,0,0,0,0,0,0,0,0,0,0,0,0,0,0,0,0,0,1,0,0,1,0,1,0,1,0,0,0,1,0,0,0,0,1,0,0,0,0,0,0,0,0,0,0,0,1,0,0,0,0,0,0,4,0,0,0,0,0,0,0,0,0,0,0,0,0,0,1,0,0,0,1,0,0,0,0,0,0,0,0,0,0,0,0,0,0,0,2,0,2,0,0,7,0,0,2,0,2,0,0,0,1,4,4,0,0,1,1,0,0,2,-233,233,0,0,1,0,0,0,0,3,0,0,0,1,1,0,0,1,0,0,0,0,0,0,0,1,0,1,0,0,0,2,0,1,0,0,0,2,4,1,2,2,0,0,0,3,1,0,0,1,2,2,5,0,0,3,0,0,2,0,0,1,1,6,2,0,2,2,0,1,1,0,4,1,0,2,1,0,0,0,1,0,0,0,0,0,0,0,-300,301,0,0,0,0,1,0,0,0,1,0,0,1,0,0,0,0,0,0,0,0,1,1,3,0,0,3,1,1,1,1,0,0,0,4,2,2,0,0,0,0,0,0,0,0,0,2,4,5,8,10,14,23,24,27,31,32,41,48,60,67,69,79,81,88,91,95,106,112,119,120,122,124,125,128,130,131,133,135,135,135,135,135,136,136,136,136,136,136,136,136,136,136,136,136,136,136,136,136,136,136,136,136,136,137,137,137,137,141,145,147,152,156,163,166,174,174,176,177,180,180,180,180,180,181,182,183,183,184,184,185,185,186,189,189,189,189,189,189,189,190,190,190,190,190,190,190,190,190,190,190,190,190,190,191,191,191,191,191,191,191,191,191,192,192,192,192,192,192,192,192,192,192,192,192,192,192,192,192,192,192,192,192,193,193,193,194,194,195,195,196,196,196,196,197,197,197,197,197,198,198,198,198,198,198,198,198,198,198,198,198,199,199,199,199,199,199,199,203,203,203,203,203,203,203,203,203,203,203,203,203,203,203,204,204,204,204,205,205,205,205,205,205,205,205,205,205,205,205,205,205,205,205,207,207,209,209,209,216,216,216,218,218,220,220,220,220,221,225,229,229,229,230,231,231,231,233,0,233,233,233,234,234,234,234,234,237,237,237,237,238,239,239,239,240,240,240,240,240,240,240,240,241,241,242,242,242,242,244,244,245,245,245,245,247,251,252,254,256,256,256,256,259,260,260,260,261,263,265,270,270,270,273,273,273,275,275,275,276,277,283,285,285,287,289,289,290,291,291,295,296,296,298,299,299,299,299,300,300,300,300,300,300,300,300,0,301,301,301,301,301,302,302,302,302,303,303,303,304,304,304,304,304,304,304,304,304,305,306,309,309,309,312,313,314,315,316,316,316,316,320,322,324,324,324,324,75044
Hebei,0,0,0,0,0,0,0,1,1,6,5,5,15,15,17,17,14,8,9,13,9,22,14,24,11,12,21,12,14,18,8,9,1,1,4,1,1,1,2,0,0,1,5,1,0,0,0,0,0,0,0,0,0,0,0,0,0,0,0,0,0,0,0,0,0,0,1,0,0,0,0,0,0,0,0,2,2,2,1,0,1,0,0,0,0,0,0,0,0,0,0,1,0,0,0,0,0,0,0,0,0,0,0,0,0,0,0,0,0,0,0,0,0,0,0,0,0,0,0,0,0,0,0,0,0,0,0,0,0,0,0,0,0,0,0,0,0,0,0,0,0,0,0,0,0,0,0,0,0,0,0,0,3,4,1,2,2,1,3,2,0,2,1,0,0,0,0,0,0,0,0,0,0,0,0,0,0,0,0,0,0,0,0,0,0,0,0,0,0,0,0,0,0,0,0,0,0,0,0,0,0,0,0,0,0,0,0,0,0,1,0,1,0,0,0,0,0,0,0,0,3,5,0,1,0,2,0,0,0,0,3,0,0,0,0,0,0,-365,365,0,0,0,0,0,0,0,0,0,0,0,0,0,0,0,0,0,0,0,0,0,0,0,0,0,0,0,0,0,0,0,0,2,0,1,0,0,0,0,0,0,0,0,0,0,1,2,1,0,0,1,0,0,0,0,0,0,0,0,0,0,0,0,0,0,0,0,0,0,0,0,0,0,0,0,0,0,0,0,0,0,0,0,0,0,0,-373,373,0,0,0,0,0,0,0,0,0,0,0,0,0,0,0,0,0,0,0,0,0,0,0,0,0,0,1,4,14,20,53,33,14,46,82,40,90,81,90,0,0,0,0,0,0,0,1,2,8,13,18,33,48,65,82,96,104,113,126,135,157,171,195,206,218,239,251,265,283,291,300,301,302,306,307,308,309,311,311,311,312,317,318,318,318,318,318,318,318,318,318,318,318,318,318,318,318,318,318,318,318,318,318,318,318,319,319,319,319,319,319,319,319,319,321,323,325,326,326,327,327,327,327,327,327,327,327,327,327,327,328,328,328,328,328,328,328,328,328,328,328,328,328,328,328,328,328,328,328,328,328,328,328,328,328,328,328,328,328,328,328,328,328,328,328,328,328,328,328,328,328,328,328,328,328,328,328,328,328,328,328,328,328,328,328,328,328,328,328,328,328,331,335,336,338,340,341,344,346,346,348,349,349,349,349,349,349,349,349,349,349,349,349,349,349,349,349,349,349,349,349,349,349,349,349,349,349,349,349,349,349,349,349,349,349,349,349,349,349,349,349,349,349,349,349,349,349,349,350,350,351,351,351,351,351,351,351,351,351,354,359,359,360,360,362,362,362,362,362,365,365,365,365,365,365,365,0,365,365,365,365,365,365,365,365,365,365,365,365,365,365,365,365,365,365,365,365,365,365,365,365,365,365,365,365,365,365,365,365,365,367,367,368,368,368,368,368,368,368,368,368,368,368,369,371,372,372,372,373,373,373,373,373,373,373,373,373,373,373,373,373,373,373,373,373,373,373,373,373,373,373,373,373,373,373,373,373,373,373,373,373,373,373,373,0,373,373,373,373,373,373,373,373,373,373,373,373,373,373,373,373,373,373,373,373,373,373,373,373,373,373,373,374,378,392,412,465,498,512,558,640,680,770,851,941,122644
Shanxi,0,0,0,0,0,0,0,1,0,5,3,4,7,7,8,4,8,9,10,8,7,9,6,8,11,4,3,2,2,0,1,1,1,1,1,0,1,0,0,0,1,0,0,0,0,0,0,0,0,0,0,0,0,0,0,0,0,0,0,0,0,0,0,0,0,0,0,0,1,0,1,0,0,1,0,0,1,0,0,0,1,0,0,25,3,2,4,0,1,0,13,8,3,0,0,0,0,0,0,0,0,0,0,0,0,0,0,0,0,1,0,0,0,0,0,0,0,0,0,0,0,0,0,0,0,0,0,0,0,0,0,0,0,0,0,0,0,0,0,0,0,0,0,0,0,0,0,0,0,0,0,0,0,0,0,0,0,0,0,0,0,0,0,0,0,0,0,0,0,0,0,0,0,0,0,1,0,1,0,0,0,0,1,0,0,0,0,0,0,0,0,0,0,0,0,0,0,0,0,0,0,0,0,0,0,0,0,0,0,0,0,0,0,0,0,0,0,0,0,0,0,0,1,0,0,0,0,0,0,1,0,0,0,0,0,0,0,-203,203,0,0,0,0,0,0,0,0,0,0,0,0,0,0,0,0,0,1,0,0,0,0,0,0,1,0,1,0,0,0,0,2,0,0,0,0,0,0,1,0,0,0,0,0,2,1,0,0,0,0,0,0,3,0,0,0,1,0,1,1,0,0,0,0,0,0,1,0,1,0,0,0,0,0,0,0,0,0,0,0,1,0,0,0,0,1,-222,222,0,0,0,0,0,0,0,0,0,0,1,0,0,1,0,0,0,0,0,0,0,0,0,0,0,0,0,1,0,0,0,0,0,1,0,0,1,0,0,0,0,0,0,0,0,0,1,1,6,9,13,20,27,35,39,47,56,66,74,81,90,96,104,115,119,122,124,126,126,127,128,129,130,131,131,132,132,132,132,133,133,133,133,133,133,133,133,133,133,133,133,133,133,133,133,133,133,133,133,133,133,133,133,133,133,133,133,134,134,135,135,135,136,136,136,137,137,137,137,138,138,138,163,166,168,172,172,173,173,186,194,197,197,197,197,197,197,197,197,197,197,197,197,197,197,197,197,197,198,198,198,198,198,198,198,198,198,198,198,198,198,198,198,198,198,198,198,198,198,198,198,198,198,198,198,198,198,198,198,198,198,198,198,198,198,198,198,198,198,198,198,198,198,198,198,198,198,198,198,198,198,198,198,198,198,198,198,198,198,198,198,198,198,198,199,199,200,200,200,200,200,201,201,201,201,201,201,201,201,201,201,201,201,201,201,201,201,201,201,201,201,201,201,201,201,201,201,201,201,201,201,201,201,201,201,201,201,201,201,201,201,202,202,202,202,202,202,202,203,203,203,203,203,203,203,203,0,203,203,203,203,203,203,203,203,203,203,203,203,203,203,203,203,203,203,204,204,204,204,204,204,204,205,205,206,206,206,206,206,208,208,208,208,208,208,208,209,209,209,209,209,209,211,212,212,212,212,212,212,212,215,215,215,215,216,216,217,218,218,218,218,218,218,218,219,219,220,220,220,220,220,220,220,220,220,220,220,220,221,221,221,221,221,222,0,222,222,222,222,222,222,222,222,222,222,222,223,223,223,224,224,224,224,224,224,224,224,224,224,224,224,224,224,225,225,225,225,225,225,226,226,226,227,227,227,66578
Neimenggu,0,0,0,0,0,0,0,0,1,1,5,4,2,3,2,2,3,4,7,1,7,4,4,2,2,4,0,2,1,4,3,2,2,1,2,0,0,0,0,0,0,0,0,0,0,0,0,0,0,0,0,0,0,0,0,0,0,0,0,0,0,0,0,0,0,0,0,0,0,2,12,3,2,1,2,10,0,10,0,0,0,1,3,3,0,4,0,27,35,0,0,3,0,0,0,1,0,0,0,0,0,4,0,1,0,0,1,1,0,0,0,0,0,0,0,0,0,7,1,0,0,0,0,0,4,3,1,0,0,0,0,10,5,0,0,0,0,0,3,0,0,0,0,0,0,0,0,2,0,0,0,0,0,1,0,0,0,0,0,0,0,0,0,0,0,0,0,0,0,0,0,0,1,0,1,4,0,1,0,0,4,0,0,0,0,0,0,1,0,0,0,0,1,5,2,0,0,0,0,0,0,0,0,0,0,0,0,0,0,0,1,0,0,1,0,0,0,0,0,0,0,0,0,0,0,0,0,0,0,0,1,0,0,0,0,0,0,-261,261,0,0,0,0,0,0,0,0,0,0,2,0,0,0,0,0,0,3,0,0,0,0,0,0,2,0,0,0,0,0,0,1,1,0,0,5,0,0,0,0,0,0,0,0,0,2,1,0,1,8,1,3,0,4,2,1,2,3,0,2,0,0,1,1,0,0,0,0,0,1,0,0,2,0,0,1,0,9,0,0,3,4,2,0,4,0,-333,336,0,0,1,0,0,0,1,4,0,0,0,0,2,0,8,0,0,0,0,0,6,1,2,3,0,0,1,1,0,0,0,0,0,0,0,0,0,0,0,0,0,0,0,0,0,0,0,1,2,7,11,13,16,18,20,23,27,34,35,42,46,50,52,54,58,58,60,61,65,68,70,72,73,75,75,75,75,75,75,75,75,75,75,75,75,75,75,75,75,75,75,75,75,75,75,75,75,75,75,75,75,75,75,75,75,75,75,75,77,89,92,94,95,97,107,107,117,117,117,117,118,121,124,124,128,128,155,190,190,190,193,193,193,193,194,194,194,194,194,194,198,198,199,199,199,200,201,201,201,201,201,201,201,201,201,201,208,209,209,209,209,209,209,213,216,217,217,217,217,217,227,232,232,232,232,232,232,235,235,235,235,235,235,235,235,235,237,237,237,237,237,237,238,238,238,238,238,238,238,238,238,238,238,238,238,238,238,238,238,238,238,239,239,240,244,244,245,245,245,249,249,249,249,249,249,249,250,250,250,250,250,251,256,258,258,258,258,258,258,258,258,258,258,258,258,258,258,258,258,259,259,259,260,260,260,260,260,260,260,260,260,260,260,260,260,260,260,260,260,261,261,261,261,261,261,261,0,261,261,261,261,261,261,261,261,261,261,261,263,263,263,263,263,263,263,266,266,266,266,266,266,266,268,268,268,268,268,268,268,269,270,270,270,275,275,275,275,275,275,275,275,275,275,277,278,278,279,287,288,291,291,295,297,298,300,303,303,305,305,305,306,307,307,307,307,307,307,308,308,308,310,310,310,311,311,320,320,320,323,327,329,329,333,333,0,336,336,336,337,337,337,337,338,342,342,342,342,342,344,344,352,352,352,352,352,352,358,359,361,364,364,364,365,366,366,366,366,366,366,366,366,366,366,366,366,80055
Liaoning,0,0,0,0,0,0,0,2,2,8,4,6,5,7,7,4,15,4,6,4,7,8,6,4,7,2,0,8,0,0,3,1,1,0,0,0,0,0,0,0,0,0,0,0,0,1,0,3,0,0,0,0,0,0,0,0,0,0,0,0,0,0,0,0,1,0,0,1,0,0,0,1,3,3,2,3,1,0,1,0,0,1,2,0,0,0,1,0,0,0,0,0,1,0,0,0,0,0,0,0,0,0,0,0,0,0,0,0,0,0,0,0,0,0,0,0,1,0,0,0,2,0,0,0,0,0,0,0,0,0,0,0,0,0,0,0,0,0,0,0,0,0,0,0,0,0,0,0,0,0,0,2,0,1,0,0,1,0,0,1,0,0,0,0,0,1,0,0,0,0,1,0,0,1,2,0,3,1,1,0,0,0,0,0,0,0,0,0,0,1,2,9,0,13,14,6,8,5,11,8,3,9,2,0,3,1,0,0,2,0,0,0,0,0,0,0,0,0,0,0,0,0,0,1,0,0,0,0,0,0,0,1,0,0,0,0,0,-263,263,1,0,0,0,0,0,0,0,0,1,0,0,0,2,0,0,4,0,0,0,0,0,0,0,0,0,0,0,2,2,1,4,0,0,0,0,0,0,0,0,0,0,0,0,0,3,0,0,0,0,0,0,0,0,0,0,1,0,0,1,0,0,1,0,2,0,0,0,1,0,0,0,0,0,0,0,0,0,0,0,0,0,0,0,0,0,-289,289,0,0,0,0,0,0,0,0,0,0,0,1,1,1,2,1,7,8,6,7,6,8,5,5,4,8,3,7,3,1,1,3,7,3,6,3,0,0,0,0,0,0,0,0,0,0,2,4,12,16,22,27,34,41,45,60,64,70,74,81,89,95,99,106,108,108,116,116,116,119,120,121,121,121,121,121,121,121,121,121,121,121,121,121,122,122,125,125,125,125,125,125,125,125,125,125,125,125,125,125,125,125,125,126,126,126,127,127,127,127,128,131,134,136,139,140,140,141,141,141,142,144,144,144,144,145,145,145,145,145,145,146,146,146,146,146,146,146,146,146,146,146,146,146,146,146,146,146,146,146,146,146,146,146,146,147,147,147,147,149,149,149,149,149,149,149,149,149,149,149,149,149,149,149,149,149,149,149,149,149,149,149,149,149,149,149,149,149,149,149,151,151,152,152,152,153,153,153,154,154,154,154,154,154,155,155,155,155,155,156,156,156,157,159,159,162,163,164,164,164,164,164,164,164,164,164,164,164,165,167,176,176,189,203,209,217,222,233,241,244,253,255,255,258,259,259,259,261,261,261,261,261,261,261,261,261,261,261,261,261,261,261,262,262,262,262,262,262,262,262,263,263,263,263,263,263,0,263,264,264,264,264,264,264,264,264,264,265,265,265,265,267,267,267,271,271,271,271,271,271,271,271,271,271,271,271,273,275,276,280,280,280,280,280,280,280,280,280,280,280,280,280,280,283,283,283,283,283,283,283,283,283,283,283,284,284,284,285,285,285,286,286,288,288,288,288,289,289,289,289,289,289,289,289,289,289,289,289,289,289,289,289,289,289,0,289,289,289,289,289,289,289,289,289,289,289,289,290,291,292,294,295,302,310,316,323,329,337,342,347,351,359,362,369,372,373,374,377,384,387,393,396,396,396,396,73918
Jilin,0,0,0,0,0,0,0,1,2,1,0,2,2,1,5,0,3,6,8,11,12,5,6,4,9,2,1,2,1,2,2,1,0,0,1,1,0,0,0,2,0,0,0,0,0,0,0,0,0,0,0,0,0,0,0,0,0,0,0,0,0,0,0,0,0,0,0,0,0,0,2,0,2,1,0,0,0,0,0,0,0,0,0,0,0,0,0,1,1,0,2,0,0,0,2,0,2,0,1,1,1,0,1,0,0,0,1,0,1,0,0,0,0,0,1,0,11,3,0,6,1,4,2,4,2,5,1,0,2,0,1,0,0,0,0,0,0,0,0,0,0,0,0,0,0,0,0,0,0,0,0,0,0,0,0,0,0,0,0,0,0,0,0,0,0,0,0,0,0,0,0,0,0,0,0,0,0,0,0,0,0,0,0,0,0,0,0,0,0,0,0,0,0,0,2,0,0,0,0,0,0,0,0,0,0,0,0,0,0,0,0,0,0,0,0,0,0,0,0,0,0,0,0,0,0,0,0,0,0,0,0,0,0,0,0,0,0,-157,157,0,0,0,0,0,0,0,0,0,0,0,0,0,0,0,0,0,0,0,0,0,0,0,0,0,0,0,0,0,0,0,0,0,0,0,0,0,0,0,0,0,0,0,0,0,0,0,0,0,0,0,0,0,0,0,0,0,0,0,0,0,0,0,0,0,0,0,0,0,0,0,0,0,0,0,0,0,0,0,0,0,0,0,0,0,0,-157,157,0,0,0,0,0,0,0,0,0,0,0,0,0,0,0,0,0,0,0,0,0,0,0,0,0,0,0,0,0,0,0,0,0,0,0,0,0,0,0,0,0,0,0,0,0,0,1,3,4,4,6,8,9,14,14,17,23,31,42,54,59,65,69,78,80,81,83,84,86,88,89,89,89,90,91,91,91,91,93,93,93,93,93,93,93,93,93,93,93,93,93,93,93,93,93,93,93,93,93,93,93,93,93,93,93,93,93,93,93,95,95,97,98,98,98,98,98,98,98,98,98,98,98,98,98,98,99,100,100,102,102,102,102,104,104,106,106,107,108,109,109,110,110,110,110,111,111,112,112,112,112,112,112,113,113,124,127,127,133,134,138,140,144,146,151,152,152,154,154,155,155,155,155,155,155,155,155,155,155,155,155,155,155,155,155,155,155,155,155,155,155,155,155,155,155,155,155,155,155,155,155,155,155,155,155,155,155,155,155,155,155,155,155,155,155,155,155,155,155,155,155,155,155,155,155,155,155,155,155,155,155,155,155,157,157,157,157,157,157,157,157,157,157,157,157,157,157,157,157,157,157,157,157,157,157,157,157,157,157,157,157,157,157,157,157,157,157,157,157,157,157,157,157,157,157,157,0,157,157,157,157,157,157,157,157,157,157,157,157,157,157,157,157,157,157,157,157,157,157,157,157,157,157,157,157,157,157,157,157,157,157,157,157,157,157,157,157,157,157,157,157,157,157,157,157,157,157,157,157,157,157,157,157,157,157,157,157,157,157,157,157,157,157,157,157,157,157,157,157,157,157,157,157,157,157,157,157,157,157,157,157,157,157,157,0,157,157,157,157,157,157,157,157,157,157,157,157,157,157,157,157,157,157,157,157,157,157,157,157,157,157,157,157,157,157,157,157,157,157,157,157,157,157,157,157,48129
Heilongjiang,0,0,0,0,0,0,0,1,3,5,6,6,9,7,6,16,21,15,23,37,35,37,50,4,26,24,29,18,17,23,7,20,12,7,6,6,3,0,1,0,0,0,0,0,0,0,0,0,0,1,0,0,0,0,0,1,0,0,0,0,0,0,0,1,1,0,0,0,0,0,0,0,0,0,0,0,0,4,1,2,13,20,20,25,40,29,23,23,56,79,22,20,11,20,6,7,8,8,4,3,2,5,1,0,3,0,0,5,0,0,0,0,0,0,0,0,1,0,0,0,0,0,0,0,0,0,0,0,0,0,0,0,0,0,0,0,0,0,0,0,2,0,0,0,0,0,0,0,0,0,0,0,0,0,0,0,0,0,0,0,0,0,0,0,0,0,0,0,0,0,0,0,0,0,0,0,0,0,0,0,0,0,0,0,0,0,0,0,0,0,0,0,0,0,0,0,0,0,0,0,0,0,0,0,0,0,0,0,0,1,0,0,0,0,0,0,0,0,0,0,0,0,0,0,0,0,0,0,0,0,0,0,0,0,0,0,0,-948,948,0,0,0,0,0,0,0,0,0,0,0,0,0,0,0,0,0,0,0,0,0,0,0,0,0,0,0,0,0,0,0,0,0,0,0,0,0,0,0,0,0,0,0,0,0,0,1,0,0,0,0,0,0,0,0,0,0,0,0,0,0,0,0,0,0,0,0,0,0,0,0,0,0,0,0,0,0,0,0,0,0,0,0,0,0,0,-949,949,0,0,0,2,0,5,2,2,0,0,0,0,0,1,0,0,0,0,0,0,0,0,1,0,2,0,4,1,0,1,0,1,0,0,0,1,16,43,43,0,0,0,0,0,0,0,1,4,9,15,21,30,37,43,59,80,95,118,155,190,227,277,281,307,331,360,378,395,418,425,445,457,464,470,476,479,479,480,480,480,480,480,480,480,480,480,480,480,481,481,481,481,481,481,482,482,482,482,482,482,482,482,483,484,484,484,484,484,484,484,484,484,484,484,484,484,488,489,491,504,524,544,569,609,638,661,684,740,819,841,861,872,892,898,905,913,921,925,928,930,935,936,936,939,939,939,944,944,944,944,944,944,944,944,944,945,945,945,945,945,945,945,945,945,945,945,945,945,945,945,945,945,945,945,945,945,945,945,945,947,947,947,947,947,947,947,947,947,947,947,947,947,947,947,947,947,947,947,947,947,947,947,947,947,947,947,947,947,947,947,947,947,947,947,947,947,947,947,947,947,947,947,947,947,947,947,947,947,947,947,947,947,947,947,947,947,947,947,947,947,947,947,947,947,947,947,947,947,948,948,948,948,948,948,948,948,948,948,948,948,948,948,948,948,948,948,948,948,948,948,948,948,948,948,948,948,0,948,948,948,948,948,948,948,948,948,948,948,948,948,948,948,948,948,948,948,948,948,948,948,948,948,948,948,948,948,948,948,948,948,948,948,948,948,948,948,948,948,948,948,948,948,948,948,949,949,949,949,949,949,949,949,949,949,949,949,949,949,949,949,949,949,949,949,949,949,949,949,949,949,949,949,949,949,949,949,949,949,949,949,949,949,949,949,0,949,949,949,949,951,951,956,958,960,960,960,960,960,960,961,961,961,961,961,961,961,961,961,962,962,964,964,968,969,969,970,970,971,971,971,971,972,988,1031,1074,294914
Shanghai,0,0,0,0,0,1,5,10,4,13,7,13,13,14,21,27,25,24,16,15,25,21,15,12,11,3,7,4,7,5,8,2,3,2,0,0,1,0,1,0,0,1,1,0,0,0,0,1,0,0,1,3,0,0,0,2,0,2,4,3,2,3,3,2,8,9,14,10,10,19,18,17,17,7,6,11,7,6,4,3,2,5,2,5,9,3,0,52,11,0,4,6,0,0,7,3,0,1,1,1,0,1,0,2,0,1,2,5,0,1,2,1,0,1,0,0,2,0,0,1,0,0,5,0,1,0,1,0,0,0,1,0,1,1,1,0,1,0,0,1,0,0,4,0,0,1,0,0,6,5,1,1,1,3,0,2,0,1,0,3,0,2,0,2,1,1,1,4,0,1,1,1,1,0,2,0,3,1,0,2,1,3,3,1,1,0,0,0,2,2,1,1,2,0,0,2,1,0,0,4,1,0,1,2,5,7,2,2,18,8,4,2,16,4,5,3,14,8,1,11,13,0,5,2,4,2,3,3,3,6,1,4,0,5,3,2,4,-922,929,8,2,3,5,1,2,4,12,2,4,2,1,0,2,4,0,0,11,5,2,7,1,4,1,10,2,1,5,6,2,10,5,3,5,3,11,5,5,5,5,2,8,9,9,5,11,3,7,6,13,8,5,6,9,4,8,15,11,7,13,5,5,4,3,5,1,0,4,4,0,1,15,4,3,4,2,5,3,0,3,5,2,0,9,9,3,-1353,1366,4,6,9,5,5,10,7,3,3,6,4,8,11,8,6,12,6,4,5,4,2,4,7,0,11,4,6,4,6,2,5,8,7,4,2,0,9,8,2,0,0,0,0,0,1,6,16,20,33,40,53,66,80,101,128,153,177,193,208,233,254,269,281,292,295,302,306,313,318,326,328,331,333,333,333,334,334,335,335,335,336,337,337,337,337,337,338,338,338,339,342,342,342,342,344,344,346,350,353,355,358,361,363,371,380,394,404,414,433,451,468,485,492,498,509,516,522,526,529,531,536,538,543,552,555,555,607,618,618,622,628,628,628,635,638,638,639,640,641,641,642,642,644,644,645,647,652,652,653,655,656,656,657,657,657,659,659,659,660,660,660,665,665,666,666,667,667,667,667,668,668,669,670,671,671,672,672,672,673,673,673,677,677,677,678,678,678,684,689,690,691,692,695,695,697,697,698,698,701,701,703,703,705,706,707,708,712,712,713,714,715,716,716,718,718,721,722,722,724,725,728,731,732,733,733,733,733,735,737,738,739,741,741,741,743,744,744,744,748,749,749,750,752,757,764,766,768,786,794,798,800,816,820,825,828,842,850,851,862,875,875,880,882,886,888,891,894,897,903,904,908,908,913,916,918,922,0,929,937,939,942,947,948,950,954,966,968,972,974,975,975,977,981,981,981,992,997,999,1006,1007,1011,1012,1022,1024,1025,1030,1036,1038,1048,1053,1056,1061,1064,1075,1080,1085,1090,1095,1097,1105,1114,1123,1128,1139,1142,1149,1155,1168,1176,1181,1187,1196,1200,1208,1223,1234,1241,1254,1259,1264,1268,1271,1276,1277,1277,1281,1285,1285,1286,1301,1305,1308,1312,1314,1319,1322,1322,1325,1330,1332,1332,1341,1350,1353,0,1366,1370,1376,1385,1390,1395,1405,1412,1415,1418,1424,1428,1436,1447,1455,1461,1473,1479,1483,1488,1492,1494,1498,1505,1505,1516,1520,1526,1530,1536,1538,1543,1551,1558,1562,1564,1564,1573,1581,1583,294755
Jiangsu,0,0,0,0,0,0,0,1,8,9,13,16,23,29,30,39,34,34,35,37,33,32,35,31,29,24,23,28,27,23,11,13,9,3,2,0,0,0,0,0,0,0,0,0,0,0,0,0,0,0,0,0,0,0,0,0,0,0,0,0,0,0,0,0,0,0,0,2,3,2,2,1,0,3,1,1,0,1,0,4,0,0,0,0,0,0,0,2,0,0,0,0,0,0,0,0,0,0,0,0,0,0,0,0,0,0,0,0,0,0,0,0,0,0,0,0,0,0,0,0,0,0,0,0,0,0,0,0,0,0,0,0,0,0,0,0,0,0,0,0,0,0,0,0,0,0,0,0,0,0,0,0,0,0,0,0,0,0,0,0,1,0,0,0,0,0,0,0,0,0,0,0,0,0,0,0,0,0,0,0,0,0,0,0,1,0,0,0,0,0,0,0,0,0,0,0,0,0,0,0,0,3,0,0,0,1,0,0,0,0,0,0,0,2,0,0,3,0,0,1,0,0,0,0,0,0,0,0,0,0,0,0,0,0,0,0,0,-665,665,0,0,0,0,0,0,0,0,0,0,0,0,0,1,0,0,0,0,0,0,0,0,0,0,1,0,0,0,0,0,0,0,0,0,0,2,0,0,0,1,0,0,0,0,0,0,0,0,2,0,0,0,1,1,0,0,0,0,0,0,1,0,1,0,0,0,1,0,0,0,0,0,0,0,2,0,1,0,0,0,0,0,0,0,0,0,-680,680,0,1,0,0,0,3,0,0,0,0,0,0,0,0,0,0,0,0,0,0,0,0,0,0,0,0,0,0,1,0,0,1,1,0,0,0,0,0,1,0,0,0,0,0,0,0,1,9,18,31,47,70,99,129,168,202,236,271,308,341,373,408,439,468,492,515,543,570,593,604,617,626,629,631,631,631,631,631,631,631,631,631,631,631,631,631,631,631,631,631,631,631,631,631,631,631,631,631,631,631,631,631,631,631,631,631,633,636,638,640,641,641,644,645,646,646,647,647,651,651,651,651,651,651,651,651,653,653,653,653,653,653,653,653,653,653,653,653,653,653,653,653,653,653,653,653,653,653,653,653,653,653,653,653,653,653,653,653,653,653,653,653,653,653,653,653,653,653,653,653,653,653,653,653,653,653,653,653,653,653,653,653,653,653,653,653,653,653,653,653,653,653,653,653,653,653,653,653,653,654,654,654,654,654,654,654,654,654,654,654,654,654,654,654,654,654,654,654,654,654,654,654,654,655,655,655,655,655,655,655,655,655,655,655,655,655,655,655,655,655,658,658,658,658,659,659,659,659,659,659,659,659,661,661,661,664,664,664,665,665,665,665,665,665,665,665,665,665,665,665,665,665,665,665,665,665,0,665,665,665,665,665,665,665,665,665,665,665,665,665,665,666,666,666,666,666,666,666,666,666,666,666,667,667,667,667,667,667,667,667,667,667,667,669,669,669,669,670,670,670,670,670,670,670,670,670,672,672,672,672,673,674,674,674,674,674,674,674,675,675,676,676,676,676,677,677,677,677,677,677,677,677,679,679,680,680,680,680,680,680,680,680,680,680,0,680,680,681,681,681,681,684,684,684,684,684,684,684,684,684,684,684,684,684,684,684,684,684,684,684,684,684,684,684,685,685,685,686,687,687,687,687,687,687,688,227332
Zhejiang,0,0,0,0,0,0,5,5,33,19,42,24,45,123,132,109,62,62,63,105,66,59,52,42,15,29,25,14,14,10,7,5,4,1,1,2,28,2,0,0,0,0,0,0,0,0,0,1,7,0,2,0,0,0,0,0,0,1,-1,12,4,0,1,0,1,1,2,1,1,2,1,2,4,4,3,1,2,0,1,2,2,1,1,1,1,1,0,0,0,0,0,1,0,0,0,0,0,0,0,0,0,0,0,0,0,0,0,0,0,0,0,0,0,0,0,0,0,0,0,0,0,0,0,0,0,0,0,0,0,0,0,0,0,0,0,0,0,0,0,0,0,0,0,0,0,0,0,0,0,0,0,0,0,0,1,0,0,0,0,0,0,0,0,0,0,0,0,0,0,0,0,0,0,0,0,0,0,0,0,1,0,0,0,0,0,0,0,0,0,0,0,0,0,0,0,0,0,0,0,0,0,0,0,0,0,0,1,1,1,1,1,0,0,0,0,0,0,2,0,0,0,0,0,0,0,0,0,0,0,1,0,0,0,0,0,0,0,-1278,1278,0,0,2,0,1,1,0,0,0,0,0,0,0,0,0,0,0,0,0,0,0,0,0,0,0,0,0,1,0,0,0,0,0,0,0,0,0,0,0,0,0,0,0,0,0,0,0,0,0,0,3,0,0,1,0,0,0,1,2,0,1,0,0,0,0,0,0,0,0,0,1,0,0,1,0,0,0,0,1,0,0,0,0,0,0,0,-1294,1295,0,0,0,0,0,1,1,0,0,0,0,1,1,0,0,1,0,0,0,2,3,0,1,0,0,0,0,0,0,0,0,0,0,2,0,0,0,0,1,0,0,0,0,0,0,5,10,43,62,104,128,173,296,428,537,599,661,724,829,895,954,1006,1048,1063,1092,1117,1131,1145,1155,1162,1167,1171,1172,1173,1175,1203,1205,1205,1205,1205,1205,1205,1205,1205,1205,1205,1206,1213,1213,1215,1215,1215,1215,1215,1215,1215,1216,1215,1227,1231,1231,1232,1232,1233,1234,1236,1237,1238,1240,1241,1243,1247,1251,1254,1255,1257,1257,1258,1260,1262,1263,1264,1265,1266,1267,1267,1267,1267,1267,1267,1268,1268,1268,1268,1268,1268,1268,1268,1268,1268,1268,1268,1268,1268,1268,1268,1268,1268,1268,1268,1268,1268,1268,1268,1268,1268,1268,1268,1268,1268,1268,1268,1268,1268,1268,1268,1268,1268,1268,1268,1268,1268,1268,1268,1268,1268,1268,1268,1268,1268,1268,1268,1268,1268,1268,1268,1268,1268,1268,1268,1268,1268,1268,1269,1269,1269,1269,1269,1269,1269,1269,1269,1269,1269,1269,1269,1269,1269,1269,1269,1269,1269,1269,1269,1269,1269,1269,1269,1270,1270,1270,1270,1270,1270,1270,1270,1270,1270,1270,1270,1270,1270,1270,1270,1270,1270,1270,1270,1270,1270,1270,1270,1270,1270,1270,1271,1272,1273,1274,1275,1275,1275,1275,1275,1275,1275,1277,1277,1277,1277,1277,1277,1277,1277,1277,1277,1277,1277,1278,1278,1278,1278,1278,1278,1278,1278,0,1278,1278,1278,1280,1280,1281,1282,1282,1282,1282,1282,1282,1282,1282,1282,1282,1282,1282,1282,1282,1282,1282,1282,1282,1282,1282,1282,1282,1283,1283,1283,1283,1283,1283,1283,1283,1283,1283,1283,1283,1283,1283,1283,1283,1283,1283,1283,1283,1283,1283,1283,1286,1286,1286,1287,1287,1287,1287,1288,1290,1290,1291,1291,1291,1291,1291,1291,1291,1291,1291,1291,1292,1292,1292,1293,1293,1293,1293,1293,1294,1294,1294,1294,1294,1294,1294,1294,0,1295,1295,1295,1295,1295,1295,1296,1297,1297,1297,1297,1297,1298,1299,1299,1299,1300,1300,1300,1300,1302,1305,1305,1306,1306,1306,1306,1306,1306,1306,1306,1306,1306,1306,1308,1308,1308,1308,1308,1309,440771
Anhui,0,0,0,0,0,0,0,1,14,24,21,10,36,46,48,37,60,43,68,72,50,61,74,68,46,51,30,28,22,24,16,12,11,9,4,1,1,1,0,0,0,0,0,1,0,0,0,0,0,0,0,0,0,0,0,0,0,0,0,0,0,0,0,0,0,0,0,0,0,0,0,0,0,0,0,0,0,0,0,0,0,0,0,0,1,0,0,0,0,0,0,0,0,0,0,0,0,0,0,0,0,0,0,0,0,0,0,0,0,0,0,0,0,0,0,0,0,0,0,0,0,0,0,0,0,0,0,0,0,0,0,0,0,0,0,0,0,0,0,0,0,0,0,0,0,0,0,0,0,0,0,0,0,0,0,0,0,0,0,0,0,0,0,0,0,0,0,0,0,0,0,0,0,0,0,0,0,0,0,0,0,0,0,0,0,0,0,0,0,0,0,0,0,0,0,0,0,0,0,0,0,0,0,0,0,0,0,0,0,0,0,0,0,0,0,0,0,0,0,0,0,0,0,0,0,0,0,0,0,0,0,0,0,0,0,0,0,-991,991,0,0,0,0,0,0,0,0,0,0,0,0,0,0,0,0,0,0,0,0,0,0,0,0,0,0,0,0,0,0,0,0,0,0,0,0,0,0,0,0,0,0,0,0,0,0,0,0,0,0,0,0,0,0,0,0,0,0,0,0,0,1,0,0,0,0,0,0,0,0,0,0,0,0,0,0,0,0,0,0,0,0,0,0,0,0,-992,992,0,0,0,0,0,0,0,0,0,0,0,0,0,0,0,0,0,0,0,1,0,0,0,0,0,0,0,0,0,0,0,0,0,0,0,0,0,0,0,0,0,0,0,0,0,0,1,15,39,60,70,106,152,200,237,297,340,408,480,530,591,665,733,779,830,860,888,910,934,950,962,973,982,986,987,988,989,989,989,989,989,989,990,990,990,990,990,990,990,990,990,990,990,990,990,990,990,990,990,990,990,990,990,990,990,990,990,990,990,990,990,990,990,990,990,990,990,990,990,990,990,990,990,991,991,991,991,991,991,991,991,991,991,991,991,991,991,991,991,991,991,991,991,991,991,991,991,991,991,991,991,991,991,991,991,991,991,991,991,991,991,991,991,991,991,991,991,991,991,991,991,991,991,991,991,991,991,991,991,991,991,991,991,991,991,991,991,991,991,991,991,991,991,991,991,991,991,991,991,991,991,991,991,991,991,991,991,991,991,991,991,991,991,991,991,991,991,991,991,991,991,991,991,991,991,991,991,991,991,991,991,991,991,991,991,991,991,991,991,991,991,991,991,991,991,991,991,991,991,991,991,991,991,991,991,991,991,991,991,991,991,991,991,991,991,991,991,991,991,991,991,991,991,991,991,991,0,991,991,991,991,991,991,991,991,991,991,991,991,991,991,991,991,991,991,991,991,991,991,991,991,991,991,991,991,991,991,991,991,991,991,991,991,991,991,991,991,991,991,991,991,991,991,991,991,991,991,991,991,991,991,991,991,991,991,991,991,991,991,992,992,992,992,992,992,992,992,992,992,992,992,992,992,992,992,992,992,992,992,992,992,992,992,992,0,992,992,992,992,992,992,992,992,992,992,992,992,992,992,992,992,992,992,992,992,993,993,993,993,993,993,993,993,993,993,993,993,993,993,993,993,993,993,993,993,342035
Fujian,0,0,0,0,0,0,0,1,3,6,8,17,24,21,21,19,24,15,20,15,11,10,9,15,11,11,6,5,7,2,4,2,3,2,1,0,0,0,0,0,1,0,2,0,0,0,0,0,0,0,0,0,0,0,0,0,0,0,0,0,0,0,0,0,0,7,4,6,5,0,10,3,6,1,2,3,0,2,0,5,0,0,1,0,0,0,0,1,0,1,0,0,1,0,1,0,0,0,0,0,0,0,0,0,0,0,0,1,0,0,0,0,0,0,0,0,0,0,0,0,0,0,0,0,0,0,0,0,0,0,0,0,1,0,1,0,0,0,0,0,0,0,0,0,1,0,0,0,1,1,0,0,1,0,0,0,0,0,1,0,0,0,0,0,0,0,0,0,0,0,0,0,0,0,0,0,0,0,0,0,0,0,0,0,0,1,0,0,0,0,0,0,0,1,1,0,0,0,0,0,1,0,0,0,0,0,0,0,0,0,1,0,0,0,1,1,0,0,0,0,1,1,3,0,0,0,1,2,2,2,1,0,0,1,1,1,0,-386,387,0,0,1,0,2,2,0,0,2,0,1,1,0,0,0,1,4,2,0,6,0,0,2,0,0,2,0,0,1,0,1,0,1,0,0,0,1,0,0,1,0,1,1,7,2,0,1,1,0,1,4,0,1,0,4,2,1,2,9,1,3,0,0,1,0,1,0,0,0,0,2,6,0,4,1,4,1,2,0,2,4,0,3,0,2,0,-492,500,0,0,1,0,0,1,0,0,1,0,0,0,2,2,0,0,0,0,1,0,0,1,0,3,1,1,0,3,1,0,0,1,1,6,1,0,2,0,0,0,0,0,0,0,0,0,1,4,10,18,35,59,80,101,120,144,159,179,194,205,215,224,239,250,261,267,272,279,281,285,287,290,292,293,293,293,293,293,293,294,294,296,296,296,296,296,296,296,296,296,296,296,296,296,296,296,296,296,296,296,296,296,296,296,303,307,313,318,318,328,331,337,338,340,343,343,345,345,350,350,350,351,351,351,351,351,352,352,353,353,353,354,354,355,355,355,355,355,355,355,355,355,355,355,355,355,356,356,356,356,356,356,356,356,356,356,356,356,356,356,356,356,356,356,356,356,356,356,356,356,356,357,357,358,358,358,358,358,358,358,358,358,358,359,359,359,359,360,361,361,361,362,362,362,362,362,362,363,363,363,363,363,363,363,363,363,363,363,363,363,363,363,363,363,363,363,363,363,363,363,363,363,363,363,364,364,364,364,364,364,364,364,365,366,366,366,366,366,366,367,367,367,367,367,367,367,367,367,367,368,368,368,368,369,370,370,370,370,370,371,372,375,375,375,375,376,378,380,382,383,383,383,384,385,386,386,0,387,387,387,388,388,390,392,392,392,394,394,395,396,396,396,396,397,401,403,403,409,409,409,411,411,411,413,413,413,414,414,415,415,416,416,416,416,417,417,417,418,418,419,420,427,429,429,430,431,431,432,436,436,437,437,441,443,444,446,455,456,459,459,459,460,460,461,461,461,461,461,463,469,469,473,474,478,479,481,481,483,487,487,490,490,492,492,0,500,500,500,501,501,501,502,502,502,503,503,503,503,505,507,507,507,507,507,508,508,508,509,509,512,513,514,514,517,518,518,518,519,520,526,527,527,529,529,529,134247
Jiangxi,0,0,0,0,0,0,2,1,4,11,18,12,24,37,53,78,46,47,58,85,72,52,61,37,41,33,32,40,28,28,13,12,5,3,0,1,0,0,0,0,0,0,0,1,0,0,0,0,0,0,0,0,0,0,0,0,0,0,0,0,0,0,0,0,0,0,0,1,0,0,0,0,0,0,1,0,0,0,0,0,0,0,0,0,0,0,0,0,0,0,0,0,0,0,0,0,0,0,0,0,0,0,0,0,0,0,0,0,0,0,0,0,0,0,0,0,0,0,0,0,0,0,0,0,0,0,0,0,0,0,0,0,0,0,0,0,0,0,0,0,-5,0,0,0,0,0,0,0,0,0,0,0,0,0,0,0,0,0,0,0,0,0,0,0,0,0,0,0,0,0,0,0,0,0,0,0,0,0,0,0,0,0,0,0,0,0,0,0,0,0,0,0,0,0,0,0,0,0,0,0,0,0,0,0,0,0,0,0,0,0,0,0,0,0,0,0,0,0,3,0,0,0,0,0,0,0,0,0,0,0,0,0,0,0,0,0,0,-935,935,0,0,0,0,0,0,0,0,0,0,0,0,0,0,0,0,0,0,0,0,0,0,0,0,0,0,0,0,0,0,0,0,0,0,0,0,0,0,0,0,0,0,0,0,0,0,0,0,0,0,0,0,0,0,0,0,0,0,0,0,0,0,0,0,0,0,0,0,0,0,0,0,0,0,0,0,0,0,0,0,0,0,0,0,0,0,-935,935,0,0,0,0,0,0,0,0,0,0,0,0,0,0,0,0,0,0,0,0,0,0,0,0,0,0,0,0,0,0,0,0,0,0,0,0,0,0,0,0,0,0,0,0,0,2,3,7,18,36,48,72,109,162,240,286,333,391,476,548,600,661,698,739,772,804,844,872,900,913,925,930,933,933,934,934,934,934,934,934,934,934,935,935,935,935,935,935,935,935,935,935,935,935,935,935,935,935,935,935,935,935,935,935,935,935,936,936,936,936,936,936,936,937,937,937,937,937,937,937,937,937,937,937,937,937,937,937,937,937,937,937,937,937,937,937,937,937,937,937,937,937,937,937,937,937,937,937,937,937,937,937,937,937,937,937,937,937,937,937,937,937,937,937,937,937,937,937,937,937,937,937,937,937,937,937,937,937,937,932,932,932,932,932,932,932,932,932,932,932,932,932,932,932,932,932,932,932,932,932,932,932,932,932,932,932,932,932,932,932,932,932,932,932,932,932,932,932,932,932,932,932,932,932,932,932,932,932,932,932,932,932,932,932,932,932,932,932,932,932,932,932,932,932,932,932,932,932,932,932,932,932,932,932,932,932,932,935,935,935,935,935,935,935,935,935,935,935,935,935,935,935,935,935,935,935,0,935,935,935,935,935,935,935,935,935,935,935,935,935,935,935,935,935,935,935,935,935,935,935,935,935,935,935,935,935,935,935,935,935,935,935,935,935,935,935,935,935,935,935,935,935,935,935,935,935,935,935,935,935,935,935,935,935,935,935,935,935,935,935,935,935,935,935,935,935,935,935,935,935,935,935,935,935,935,935,935,935,935,935,935,935,935,935,0,935,935,935,935,935,935,935,935,935,935,935,935,935,935,935,935,935,935,935,935,935,935,935,935,935,935,935,935,935,935,935,935,935,935,935,935,935,935,935,935,322702
Shandong,0,0,0,0,0,0,1,5,3,12,18,24,0,58,24,33,24,23,21,24,28,45,36,28,28,24,27,11,9,13,11,7,4,2,1,2,202,2,4,1,0,1,0,0,0,0,2,0,0,0,0,0,0,0,0,0,2,0,0,0,0,1,0,0,1,2,1,2,1,1,0,2,1,0,1,1,0,1,3,0,1,1,1,2,0,0,1,0,0,0,0,0,3,0,0,0,0,0,0,0,0,0,0,0,0,0,0,0,0,0,1,0,0,0,0,0,0,0,0,0,0,0,0,0,0,0,0,0,0,0,0,0,0,0,0,0,3,1,0,0,0,0,0,0,0,0,0,0,0,0,0,0,0,0,0,0,0,0,0,0,0,0,0,0,0,0,0,0,0,0,0,0,0,0,0,0,0,0,0,0,1,0,0,0,1,2,1,1,0,0,0,0,0,1,0,0,0,0,0,0,3,2,0,0,1,0,1,0,4,6,1,4,0,0,0,1,0,1,1,3,3,0,1,0,0,0,0,0,0,0,0,0,0,0,0,0,0,-831,831,0,0,0,0,0,0,0,0,0,0,0,0,0,0,1,0,0,0,0,0,0,0,0,0,0,0,0,0,0,0,0,6,0,6,1,0,0,0,0,0,0,0,0,0,0,0,1,0,0,1,0,0,0,1,0,0,0,0,0,0,0,0,0,0,0,0,0,1,0,0,0,0,0,0,0,0,0,0,0,0,5,0,0,2,1,0,-857,857,0,0,0,0,0,1,0,0,1,0,0,2,0,0,0,0,0,0,0,0,0,0,1,0,0,1,0,0,0,0,0,0,1,0,0,0,0,0,0,0,0,0,0,0,0,1,6,9,21,39,63,63,121,145,178,202,225,246,270,298,343,379,407,435,459,486,497,506,519,530,537,541,543,544,546,748,750,754,755,755,756,756,756,756,756,758,758,758,758,758,758,758,758,758,758,760,760,760,760,760,761,761,761,762,764,765,767,768,769,769,771,772,772,773,774,774,775,778,778,779,780,781,783,783,783,784,784,784,784,784,784,787,787,787,787,787,787,787,787,787,787,787,787,787,787,787,787,787,787,788,788,788,788,788,788,788,788,788,788,788,788,788,788,788,788,788,788,788,788,788,788,788,788,788,788,791,792,792,792,792,792,792,792,792,792,792,792,792,792,792,792,792,792,792,792,792,792,792,792,792,792,792,792,792,792,792,792,792,792,792,792,792,792,792,792,792,792,792,792,793,793,793,793,794,796,797,798,798,798,798,798,798,799,799,799,799,799,799,799,802,804,804,804,805,805,806,806,810,816,817,821,821,821,821,822,822,823,824,827,830,830,831,831,831,831,831,831,831,831,831,831,831,831,831,831,831,0,831,831,831,831,831,831,831,831,831,831,831,831,831,831,831,832,832,832,832,832,832,832,832,832,832,832,832,832,832,832,832,832,838,838,844,845,845,845,845,845,845,845,845,845,845,845,845,846,846,846,847,847,847,847,848,848,848,848,848,848,848,848,848,848,848,848,848,848,849,849,849,849,849,849,849,849,849,849,849,849,849,854,854,854,856,857,857,0,857,857,857,857,857,857,858,858,858,859,859,859,861,861,861,861,861,861,861,861,861,861,861,862,862,862,863,863,863,863,863,863,863,864,864,864,864,864,864,864,276474
Henan,0,0,0,0,0,0,1,4,4,23,51,45,40,38,0,146,70,71,73,109,89,87,63,66,53,40,32,30,34,15,28,19,15,11,4,4,2,3,1,0,0,0,1,0,0,0,0,0,0,0,0,0,0,0,0,0,1,0,0,0,0,0,0,0,0,0,0,1,0,0,1,0,0,1,0,0,0,0,0,0,0,0,0,0,0,0,0,0,0,0,0,0,0,0,0,0,0,0,0,0,0,0,0,0,0,0,0,0,0,0,0,0,0,0,0,0,0,0,0,0,0,0,0,0,0,0,0,0,0,0,0,0,0,0,0,0,0,0,0,0,0,0,0,0,0,0,0,0,0,0,0,0,0,0,0,0,0,0,0,0,0,0,0,0,0,0,0,0,0,0,0,0,0,0,0,0,0,0,0,0,0,0,0,0,0,0,0,0,0,0,0,0,0,0,0,0,0,0,0,0,0,0,0,0,0,0,0,0,0,0,0,0,0,0,0,0,0,0,0,0,0,0,0,0,0,0,0,0,0,0,0,0,0,0,0,0,0,-1276,1276,0,0,1,0,0,0,1,0,0,1,0,0,1,0,0,0,0,0,0,1,0,0,0,0,0,0,0,0,0,0,0,0,0,0,0,0,0,0,0,0,2,0,0,0,0,0,0,1,0,0,0,0,0,0,0,2,0,0,0,0,0,0,0,1,0,1,0,0,0,0,0,0,0,0,0,1,0,0,0,0,0,0,1,0,2,3,-1295,1295,0,0,0,0,0,0,0,0,0,0,1,0,1,0,0,0,1,0,0,0,0,1,0,0,0,0,0,0,1,0,0,1,0,0,0,1,0,1,0,0,0,0,0,0,0,1,5,9,32,83,128,168,206,206,352,422,493,566,675,764,851,914,980,1033,1073,1105,1135,1169,1184,1212,1231,1246,1257,1261,1265,1267,1270,1271,1271,1271,1271,1272,1272,1272,1272,1272,1272,1272,1272,1272,1272,1272,1272,1272,1272,1273,1273,1273,1273,1273,1273,1273,1273,1273,1273,1273,1274,1274,1274,1275,1275,1275,1276,1276,1276,1276,1276,1276,1276,1276,1276,1276,1276,1276,1276,1276,1276,1276,1276,1276,1276,1276,1276,1276,1276,1276,1276,1276,1276,1276,1276,1276,1276,1276,1276,1276,1276,1276,1276,1276,1276,1276,1276,1276,1276,1276,1276,1276,1276,1276,1276,1276,1276,1276,1276,1276,1276,1276,1276,1276,1276,1276,1276,1276,1276,1276,1276,1276,1276,1276,1276,1276,1276,1276,1276,1276,1276,1276,1276,1276,1276,1276,1276,1276,1276,1276,1276,1276,1276,1276,1276,1276,1276,1276,1276,1276,1276,1276,1276,1276,1276,1276,1276,1276,1276,1276,1276,1276,1276,1276,1276,1276,1276,1276,1276,1276,1276,1276,1276,1276,1276,1276,1276,1276,1276,1276,1276,1276,1276,1276,1276,1276,1276,1276,1276,1276,1276,1276,1276,1276,1276,1276,1276,1276,1276,1276,1276,1276,1276,1276,1276,1276,1276,1276,1276,1276,1276,1276,1276,1276,1276,1276,1276,1276,1276,1276,0,1276,1276,1276,1277,1277,1277,1277,1278,1278,1278,1279,1279,1279,1280,1280,1280,1280,1280,1280,1280,1281,1281,1281,1281,1281,1281,1281,1281,1281,1281,1281,1281,1281,1281,1281,1281,1281,1281,1281,1281,1281,1283,1283,1283,1283,1283,1283,1283,1284,1284,1284,1284,1284,1284,1284,1284,1286,1286,1286,1286,1286,1286,1286,1286,1287,1287,1288,1288,1288,1288,1288,1288,1288,1288,1288,1288,1289,1289,1289,1289,1289,1289,1289,1290,1290,1292,1295,0,1295,1295,1295,1295,1295,1295,1295,1295,1295,1295,1295,1296,1296,1297,1297,1297,1297,1298,1298,1298,1298,1298,1299,1299,1299,1299,1299,1299,1299,1300,1300,1300,1301,1301,1301,1301,1302,1302,1303,1303,442247
Hubei,0,1,17,59,77,72,105,69,105,180,323,371,1291,840,1032,1220,1347,1921,2103,2345,3156,2987,2447,2841,2060,2618,2097,1638,13797,4823,2420,1843,1933,1807,1693,775,631,366,435,398,499,401,409,318,423,570,196,114,0,249,0,200,41,36,17,13,8,0,5,8,4,1,0,1,0,0,0,0,1,0,0,0,0,0,0,0,0,1,0,1,0,0,0,0,0,0,0,0,0,0,0,0,0,325,0,0,0,0,0,0,0,0,0,0,0,0,0,0,0,0,0,0,0,0,0,0,1,5,0,0,0,0,0,0,0,1,0,0,0,0,0,0,0,0,0,0,0,0,0,0,0,0,0,0,0,0,0,0,0,0,0,0,0,0,0,0,0,0,0,0,0,0,0,0,0,0,0,0,0,0,0,0,0,0,0,0,0,0,0,0,0,0,0,0,0,0,0,0,0,0,0,0,0,0,0,0,0,0,0,0,3,0,0,0,0,0,1,0,0,0,0,0,0,0,0,0,0,0,0,0,0,0,0,0,0,0,0,0,0,0,0,0,0,0,0,0,0,-68139,68139,0,0,0,0,0,0,0,0,0,0,0,0,0,0,0,0,0,0,0,0,0,0,0,0,0,0,0,0,0,0,0,0,0,0,0,0,0,0,0,0,0,0,0,0,0,0,0,0,0,0,0,0,0,4,0,0,0,0,0,4,0,0,0,0,0,1,0,0,0,0,0,0,0,0,0,0,0,0,0,0,0,0,0,1,0,0,-68149,68149,0,0,0,0,0,0,0,0,0,0,0,0,0,0,0,0,0,0,0,0,0,0,0,0,0,0,0,0,0,0,0,0,0,0,0,0,0,0,0,44,45,62,121,198,270,375,444,549,729,1052,1423,2714,3554,4586,5806,7153,9074,11177,13522,16678,19665,22112,24953,27013,29631,31728,33366,47163,51986,54406,56249,58182,59989,61682,62457,63088,63454,63889,64287,64786,65187,65596,65914,66337,66907,67103,67217,67217,67466,67466,67666,67707,67743,67760,67773,67781,67781,67786,67794,67798,67799,67799,67800,67800,67800,67800,67800,67801,67801,67801,67801,67801,67801,67801,67801,67801,67802,67802,67803,67803,67803,67803,67803,67803,67803,67803,67803,67803,67803,67803,67803,67803,68128,68128,68128,68128,68128,68128,68128,68128,68128,68128,68128,68128,68128,68128,68128,68128,68128,68128,68128,68128,68128,68128,68128,68129,68134,68134,68134,68134,68134,68134,68134,68134,68135,68135,68135,68135,68135,68135,68135,68135,68135,68135,68135,68135,68135,68135,68135,68135,68135,68135,68135,68135,68135,68135,68135,68135,68135,68135,68135,68135,68135,68135,68135,68135,68135,68135,68135,68135,68135,68135,68135,68135,68135,68135,68135,68135,68135,68135,68135,68135,68135,68135,68135,68135,68135,68135,68135,68135,68135,68135,68135,68135,68135,68135,68135,68135,68135,68135,68135,68135,68135,68135,68135,68135,68135,68135,68135,68138,68138,68138,68138,68138,68138,68139,68139,68139,68139,68139,68139,68139,68139,68139,68139,68139,68139,68139,68139,68139,68139,68139,68139,68139,68139,68139,68139,68139,68139,68139,68139,68139,68139,68139,68139,68139,0,68139,68139,68139,68139,68139,68139,68139,68139,68139,68139,68139,68139,68139,68139,68139,68139,68139,68139,68139,68139,68139,68139,68139,68139,68139,68139,68139,68139,68139,68139,68139,68139,68139,68139,68139,68139,68139,68139,68139,68139,68139,68139,68139,68139,68139,68139,68139,68139,68139,68139,68139,68139,68139,68139,68143,68143,68143,68143,68143,68143,68147,68147,68147,68147,68147,68147,68148,68148,68148,68148,68148,68148,68148,68148,68148,68148,68148,68148,68148,68148,68148,68148,68148,68148,68149,68149,68149,0,68149,68149,68149,68149,68149,68149,68149,68149,68149,68149,68149,68149,68149,68149,68149,68149,68149,68149,68149,68149,68149,68149,68149,68149,68149,68149,68149,68149,68149,68149,68149,68149,68149,68149,68149,68149,68149,68149,68149,68149,23087143
Hunan,0,0,0,0,0,0,1,3,20,19,26,31,43,78,56,55,57,74,58,72,68,50,61,31,35,41,33,34,22,20,13,3,2,1,1,2,1,2,3,0,0,0,1,0,1,0,0,0,0,0,0,0,0,0,0,0,0,0,0,0,0,0,0,0,0,0,0,0,0,0,0,0,0,0,0,0,0,0,1,0,0,0,0,0,0,0,0,0,0,0,0,0,0,0,0,0,0,0,0,0,0,0,0,0,0,0,0,0,0,0,0,0,0,0,0,0,0,0,0,0,0,0,0,0,0,0,0,0,0,0,0,0,0,0,0,0,0,0,0,0,0,0,0,0,0,0,0,0,0,0,0,0,0,0,0,0,0,0,0,0,0,0,0,0,0,0,0,0,0,0,0,0,0,0,0,0,0,0,0,0,0,0,0,0,0,0,0,0,0,0,0,0,0,0,0,0,0,0,0,0,0,0,0,0,0,0,0,0,0,0,0,0,0,0,0,0,0,0,0,0,0,0,0,0,0,0,0,0,0,0,0,0,0,0,0,0,0,-1019,1019,0,0,0,0,0,0,0,0,0,0,0,0,0,0,0,0,0,0,0,0,0,0,0,0,0,0,0,0,0,0,0,0,0,0,0,0,0,0,0,0,0,0,0,0,0,0,0,0,0,0,0,1,0,0,0,0,0,0,0,0,0,0,0,0,0,0,0,0,0,0,0,0,0,0,0,0,0,0,0,0,0,0,0,0,0,0,-1020,1020,0,0,0,0,0,0,0,0,0,0,0,0,0,0,0,0,0,0,1,0,0,0,0,0,0,0,0,0,0,0,0,1,0,0,0,0,0,0,0,0,0,0,0,0,0,1,4,24,43,69,100,143,221,277,332,389,463,521,593,661,711,772,803,838,879,912,946,968,988,1001,1004,1006,1007,1008,1010,1011,1013,1016,1016,1016,1016,1017,1017,1018,1018,1018,1018,1018,1018,1018,1018,1018,1018,1018,1018,1018,1018,1018,1018,1018,1018,1018,1018,1018,1018,1018,1018,1018,1018,1018,1018,1018,1018,1018,1018,1018,1018,1019,1019,1019,1019,1019,1019,1019,1019,1019,1019,1019,1019,1019,1019,1019,1019,1019,1019,1019,1019,1019,1019,1019,1019,1019,1019,1019,1019,1019,1019,1019,1019,1019,1019,1019,1019,1019,1019,1019,1019,1019,1019,1019,1019,1019,1019,1019,1019,1019,1019,1019,1019,1019,1019,1019,1019,1019,1019,1019,1019,1019,1019,1019,1019,1019,1019,1019,1019,1019,1019,1019,1019,1019,1019,1019,1019,1019,1019,1019,1019,1019,1019,1019,1019,1019,1019,1019,1019,1019,1019,1019,1019,1019,1019,1019,1019,1019,1019,1019,1019,1019,1019,1019,1019,1019,1019,1019,1019,1019,1019,1019,1019,1019,1019,1019,1019,1019,1019,1019,1019,1019,1019,1019,1019,1019,1019,1019,1019,1019,1019,1019,1019,1019,1019,1019,1019,1019,1019,1019,1019,1019,1019,1019,1019,1019,1019,1019,1019,1019,1019,1019,1019,1019,1019,1019,1019,1019,1019,1019,0,1019,1019,1019,1019,1019,1019,1019,1019,1019,1019,1019,1019,1019,1019,1019,1019,1019,1019,1019,1019,1019,1019,1019,1019,1019,1019,1019,1019,1019,1019,1019,1019,1019,1019,1019,1019,1019,1019,1019,1019,1019,1019,1019,1019,1019,1019,1019,1019,1019,1019,1019,1019,1020,1020,1020,1020,1020,1020,1020,1020,1020,1020,1020,1020,1020,1020,1020,1020,1020,1020,1020,1020,1020,1020,1020,1020,1020,1020,1020,1020,1020,1020,1020,1020,1020,1020,1020,0,1020,1020,1020,1020,1020,1020,1020,1020,1020,1020,1020,1020,1020,1020,1020,1020,1020,1020,1020,1021,1021,1021,1021,1021,1021,1021,1021,1021,1021,1021,1021,1021,1022,1022,1022,1022,1022,1022,1022,1022,352988
Guangdong,0,0,0,0,1,13,12,6,21,25,20,48,42,53,70,82,127,84,79,114,73,74,74,57,45,31,26,42,22,20,33,22,6,6,3,1,1,6,3,3,2,0,0,1,1,0,1,0,0,0,1,1,0,0,1,0,3,0,0,0,4,1,3,6,8,21,1,7,21,5,0,23,0,11,17,6,4,7,7,6,2,8,8,1,6,5,0,4,4,12,2,5,6,2,1,1,1,0,2,1,0,1,1,0,0,1,0,0,0,0,0,0,0,1,0,0,0,0,0,0,0,0,0,1,0,0,0,1,0,0,1,0,0,0,0,0,1,0,2,1,1,1,0,3,1,0,2,0,3,0,1,17,0,3,0,0,3,3,0,0,0,0,1,0,2,0,0,4,0,1,0,1,0,0,1,1,2,0,1,0,2,0,0,0,4,3,2,0,0,2,1,5,2,3,0,0,2,1,3,2,2,1,4,0,0,0,1,5,3,3,6,2,1,1,3,8,1,4,0,0,0,2,0,3,4,0,1,2,1,1,1,2,3,13,2,3,4,-1767,1770,4,2,1,1,4,1,1,3,6,4,3,3,4,0,2,3,0,7,0,8,0,2,5,6,1,5,2,0,3,1,6,3,2,0,10,2,2,4,3,5,3,3,0,9,3,1,1,2,3,2,3,3,5,8,3,0,0,5,2,4,6,0,1,0,7,3,2,3,0,1,3,0,0,4,4,1,4,0,0,0,1,0,3,4,1,3,-2000,2004,3,2,1,3,2,1,1,1,3,1,4,1,1,3,3,1,1,1,1,0,1,1,1,3,2,3,2,2,4,3,2,3,2,1,7,0,3,3,3,0,0,0,0,1,14,26,32,53,78,98,146,188,241,311,393,520,604,683,797,870,944,1018,1075,1120,1151,1177,1219,1241,1261,1294,1316,1322,1328,1331,1332,1333,1339,1342,1345,1347,1347,1347,1348,1349,1349,1350,1350,1350,1350,1351,1352,1352,1352,1353,1353,1356,1356,1356,1356,1360,1361,1364,1370,1378,1399,1400,1407,1428,1433,1433,1456,1456,1467,1484,1490,1494,1501,1508,1514,1516,1524,1532,1533,1539,1544,1544,1548,1552,1564,1566,1571,1577,1579,1580,1581,1582,1582,1584,1585,1585,1586,1587,1587,1587,1588,1588,1588,1588,1588,1588,1588,1588,1589,1589,1589,1589,1589,1589,1589,1589,1589,1589,1590,1590,1590,1590,1591,1591,1591,1592,1592,1592,1592,1592,1592,1593,1593,1595,1596,1597,1598,1598,1601,1602,1602,1604,1604,1607,1607,1608,1625,1625,1628,1628,1628,1631,1634,1634,1634,1634,1634,1635,1635,1637,1637,1637,1641,1641,1642,1642,1643,1643,1643,1644,1645,1647,1647,1648,1648,1650,1650,1650,1650,1654,1657,1659,1659,1659,1661,1662,1667,1669,1672,1672,1672,1674,1675,1678,1680,1682,1683,1687,1687,1687,1687,1688,1693,1696,1699,1705,1707,1708,1709,1712,1720,1721,1725,1725,1725,1725,1727,1727,1730,1734,1734,1735,1737,1738,1739,1740,1742,1745,1758,1760,1763,1767,0,1770,1774,1776,1777,1778,1782,1783,1784,1787,1793,1797,1800,1803,1807,1807,1809,1812,1812,1819,1819,1827,1827,1829,1834,1840,1841,1846,1848,1848,1851,1852,1858,1861,1863,1863,1873,1875,1877,1881,1884,1889,1892,1895,1895,1904,1907,1908,1909,1911,1914,1916,1919,1922,1927,1935,1938,1938,1938,1943,1945,1949,1955,1955,1956,1956,1963,1966,1968,1971,1971,1972,1975,1975,1975,1979,1983,1984,1988,1988,1988,1988,1989,1989,1992,1996,1997,2000,0,2004,2007,2009,2010,2013,2015,2016,2017,2018,2021,2022,2026,2027,2028,2031,2034,2035,2036,2037,2038,2038,2039,2040,2041,2044,2046,2049,2051,2053,2057,2060,2062,2065,2067,2068,2075,2075,2078,2081,2084,589457
Guangxi,0,0,0,0,0,0,0,2,11,10,10,13,5,7,20,9,13,11,16,12,11,18,4,11,12,15,5,7,0,4,9,2,1,4,2,1,1,3,0,2,1,0,0,0,0,0,0,0,0,0,0,0,0,0,0,0,0,0,0,0,0,1,0,0,1,0,0,0,0,0,0,0,0,0,0,0,0,0,0,0,0,0,0,0,0,0,0,0,0,0,0,0,0,0,0,0,0,0,0,0,0,0,0,0,0,0,0,0,0,0,0,0,0,0,0,0,0,0,0,0,0,0,0,0,0,0,0,0,0,0,0,0,0,0,0,0,0,0,0,0,0,0,0,0,0,0,0,0,0,0,0,0,0,0,0,0,0,0,0,0,0,0,0,0,0,0,0,0,0,0,0,0,0,0,0,0,0,0,0,0,0,0,0,0,1,0,0,0,0,0,0,0,0,0,0,0,0,0,0,0,0,0,0,0,0,0,0,0,0,0,0,0,0,0,0,0,0,0,0,0,0,0,0,0,0,0,0,0,0,0,0,0,0,2,0,0,0,-257,257,0,0,1,0,0,0,0,0,0,0,0,0,0,1,0,0,0,0,0,0,0,0,0,1,0,0,0,0,0,0,0,0,0,0,0,0,0,0,0,0,0,0,0,0,0,0,0,0,0,0,0,0,0,0,0,0,0,0,0,0,0,0,0,0,0,0,0,0,0,2,0,0,1,0,0,0,0,0,0,0,0,0,0,0,0,0,-263,263,0,1,0,0,0,0,0,0,0,0,0,0,0,0,0,0,0,0,0,0,0,0,0,0,0,0,0,0,0,0,0,0,0,0,0,0,0,1,1,0,0,0,0,0,0,0,2,13,23,33,46,51,58,78,87,100,111,127,139,150,168,172,183,195,210,215,222,222,226,235,237,238,242,244,245,246,249,249,251,252,252,252,252,252,252,252,252,252,252,252,252,252,252,252,252,252,252,252,252,252,253,253,253,254,254,254,254,254,254,254,254,254,254,254,254,254,254,254,254,254,254,254,254,254,254,254,254,254,254,254,254,254,254,254,254,254,254,254,254,254,254,254,254,254,254,254,254,254,254,254,254,254,254,254,254,254,254,254,254,254,254,254,254,254,254,254,254,254,254,254,254,254,254,254,254,254,254,254,254,254,254,254,254,254,254,254,254,254,254,254,254,254,254,254,254,254,254,254,254,254,254,254,254,254,254,254,254,254,254,254,254,254,254,254,254,254,254,254,254,254,254,254,254,255,255,255,255,255,255,255,255,255,255,255,255,255,255,255,255,255,255,255,255,255,255,255,255,255,255,255,255,255,255,255,255,255,255,255,255,255,255,255,255,255,255,255,255,255,255,255,255,255,257,257,257,257,0,257,257,257,258,258,258,258,258,258,258,258,258,258,258,259,259,259,259,259,259,259,259,259,259,260,260,260,260,260,260,260,260,260,260,260,260,260,260,260,260,260,260,260,260,260,260,260,260,260,260,260,260,260,260,260,260,260,260,260,260,260,260,260,260,260,260,260,260,260,260,262,262,262,263,263,263,263,263,263,263,263,263,263,263,263,263,263,0,263,263,264,264,264,264,264,264,264,264,264,264,264,264,264,264,264,264,264,264,264,264,264,264,264,264,264,264,264,264,264,264,264,264,264,264,264,264,265,266,88775
Hainan,0,0,0,0,0,0,0,5,3,9,5,9,9,3,3,3,8,6,7,9,10,11,11,11,6,8,6,3,12,0,5,0,0,1,0,5,0,0,0,0,0,0,0,0,0,0,0,0,0,0,0,0,0,0,0,0,0,0,0,0,0,0,0,0,0,0,0,0,0,0,0,0,0,0,0,0,0,0,0,0,0,0,0,0,0,0,0,0,0,0,0,0,0,0,0,0,0,0,0,0,0,0,0,0,0,0,0,0,0,0,0,0,0,0,0,0,0,0,0,0,0,1,0,0,0,0,0,0,0,0,0,0,0,0,0,0,0,0,0,0,0,0,0,0,1,0,-1,0,0,1,1,0,0,0,0,0,0,0,0,0,0,0,0,0,0,0,0,0,0,0,0,0,0,0,0,0,0,0,0,0,0,0,0,0,0,0,0,0,0,0,0,0,0,0,0,0,0,0,0,0,0,0,0,0,0,0,0,0,0,0,0,0,0,0,0,0,0,0,0,0,0,0,0,0,0,0,0,0,0,0,0,0,0,0,0,0,0,-171,171,0,0,0,0,0,0,0,0,0,0,0,0,0,0,0,0,0,0,0,0,0,0,0,0,0,0,0,0,0,0,0,0,0,0,0,0,0,0,0,0,0,0,0,0,0,0,0,0,0,0,0,0,0,0,0,0,0,0,0,0,0,0,0,0,0,0,0,0,0,0,0,0,0,0,0,0,0,0,0,0,0,0,0,0,0,0,-171,171,0,0,0,0,0,0,0,0,0,0,0,0,0,0,0,0,0,0,0,0,0,0,0,0,0,0,0,0,0,0,0,0,0,0,0,0,0,0,0,0,0,0,0,0,0,0,5,8,17,22,31,40,43,46,49,57,63,70,79,89,100,111,122,128,136,142,145,157,157,162,162,162,163,163,168,168,168,168,168,168,168,168,168,168,168,168,168,168,168,168,168,168,168,168,168,168,168,168,168,168,168,168,168,168,168,168,168,168,168,168,168,168,168,168,168,168,168,168,168,168,168,168,168,168,168,168,168,168,168,168,168,168,168,168,168,168,168,168,168,168,168,168,168,168,168,168,168,168,168,168,168,168,168,168,168,168,168,168,168,168,169,169,169,169,169,169,169,169,169,169,169,169,169,169,169,169,169,169,169,169,169,169,169,170,170,169,169,169,170,171,171,171,171,171,171,171,171,171,171,171,171,171,171,171,171,171,171,171,171,171,171,171,171,171,171,171,171,171,171,171,171,171,171,171,171,171,171,171,171,171,171,171,171,171,171,171,171,171,171,171,171,171,171,171,171,171,171,171,171,171,171,171,171,171,171,171,171,171,171,171,171,171,171,171,171,171,171,171,171,171,171,171,171,171,171,171,0,171,171,171,171,171,171,171,171,171,171,171,171,171,171,171,171,171,171,171,171,171,171,171,171,171,171,171,171,171,171,171,171,171,171,171,171,171,171,171,171,171,171,171,171,171,171,171,171,171,171,171,171,171,171,171,171,171,171,171,171,171,171,171,171,171,171,171,171,171,171,171,171,171,171,171,171,171,171,171,171,171,171,171,171,171,171,171,0,171,171,171,171,171,171,171,171,171,171,171,171,171,171,171,171,171,171,171,171,171,171,171,171,171,171,171,171,171,171,171,171,171,171,171,171,171,171,171,171,58746
Chongqing,0,0,0,0,0,0,5,4,18,30,18,35,22,15,18,41,32,24,38,37,29,23,22,15,20,22,18,19,13,11,8,7,7,2,2,5,7,5,1,2,1,0,0,0,0,0,0,0,0,0,0,0,0,0,0,0,0,0,0,0,0,0,0,0,0,0,0,1,1,0,0,0,0,1,0,0,0,0,0,0,0,0,0,0,0,0,0,0,0,0,0,0,0,0,0,0,0,0,0,0,0,0,0,0,0,0,0,0,0,0,0,0,0,0,0,0,0,0,0,0,0,0,0,0,0,0,0,0,0,0,0,0,0,0,0,0,0,0,0,0,0,0,0,0,0,0,0,0,0,0,0,1,2,0,0,0,0,0,0,0,0,0,0,0,0,0,0,0,0,0,0,0,0,0,0,0,0,0,0,0,0,0,1,0,0,0,0,0,0,0,0,0,0,0,0,0,0,0,0,0,0,0,0,0,0,0,0,0,0,0,0,0,0,0,0,0,0,0,0,0,0,0,0,0,0,0,0,0,0,0,0,0,0,0,0,0,1,-584,584,0,0,0,0,0,0,0,0,0,0,0,0,0,0,0,0,0,0,0,0,0,1,0,0,0,0,0,0,0,0,0,0,0,0,0,1,0,0,0,1,0,0,2,0,0,0,0,0,0,0,0,0,0,0,0,0,0,0,0,0,0,0,0,0,0,0,0,0,0,1,0,0,0,0,0,0,0,0,0,0,0,0,0,0,0,0,-590,590,0,0,0,0,0,0,0,0,0,0,0,0,0,0,0,0,0,0,0,0,0,0,0,0,0,0,0,0,0,0,0,0,0,0,0,0,0,0,0,0,0,0,0,0,0,5,9,27,57,75,110,132,147,165,206,238,262,300,337,366,389,411,426,446,468,486,505,518,529,537,544,551,553,555,560,567,572,573,575,576,576,576,576,576,576,576,576,576,576,576,576,576,576,576,576,576,576,576,576,576,576,576,576,576,576,576,577,578,578,578,578,578,579,579,579,579,579,579,579,579,579,579,579,579,579,579,579,579,579,579,579,579,579,579,579,579,579,579,579,579,579,579,579,579,579,579,579,579,579,579,579,579,579,579,579,579,579,579,579,579,579,579,579,579,579,579,579,579,579,579,579,579,579,579,579,579,579,579,579,579,579,579,579,579,579,579,579,579,579,579,580,582,582,582,582,582,582,582,582,582,582,582,582,582,582,582,582,582,582,582,582,582,582,582,582,582,582,582,582,582,582,583,583,583,583,583,583,583,583,583,583,583,583,583,583,583,583,583,583,583,583,583,583,583,583,583,583,583,583,583,583,583,583,583,583,583,583,583,583,583,583,583,583,583,583,583,583,583,583,583,583,583,583,583,583,584,0,584,584,584,584,584,584,584,584,584,584,584,584,584,584,584,584,584,584,584,584,584,584,585,585,585,585,585,585,585,585,585,585,585,585,585,585,586,586,586,586,587,587,587,589,589,589,589,589,589,589,589,589,589,589,589,589,589,589,589,589,589,589,589,589,589,589,589,589,589,589,590,590,590,590,590,590,590,590,590,590,590,590,590,590,590,590,590,0,590,590,590,590,590,590,590,590,590,590,590,590,590,590,590,590,590,590,590,590,590,590,590,590,590,590,590,590,590,590,590,590,590,590,590,590,590,590,590,590,201754
Sichuan,0,0,0,0,0,0,2,3,10,13,16,25,21,18,34,35,30,24,23,28,19,20,23,19,23,19,12,19,15,12,7,11,14,13,6,6,5,1,0,1,2,2,3,4,0,0,0,0,0,0,1,0,0,0,0,0,0,0,0,0,0,0,0,1,1,1,1,0,2,2,0,1,0,2,0,0,0,4,1,2,1,1,1,0,0,0,0,0,0,0,0,0,0,0,1,0,0,0,0,0,0,0,0,0,0,0,0,0,0,0,0,0,0,0,0,0,0,0,0,0,0,0,0,0,0,0,0,0,2,0,0,1,0,0,0,0,0,0,11,2,0,0,1,0,0,3,1,0,0,0,1,0,4,1,1,0,0,0,0,0,0,0,0,0,0,0,3,3,0,0,0,0,1,0,2,0,1,0,0,0,0,0,0,0,0,0,0,3,1,0,0,0,0,0,1,0,0,0,0,0,4,0,1,1,0,1,0,0,4,0,1,2,1,4,1,2,0,0,1,1,0,0,3,4,5,4,4,2,2,0,0,1,2,1,0,0,2,-658,664,0,1,0,0,1,4,0,0,2,0,0,0,3,0,1,9,3,0,3,0,1,1,5,3,3,3,0,6,0,5,3,1,1,0,0,0,1,1,0,3,3,2,0,0,0,1,2,1,0,2,4,1,2,8,3,0,4,6,2,4,3,2,0,5,0,0,0,9,0,0,4,0,0,1,3,0,0,1,1,1,3,2,0,0,0,3,-811,812,8,2,0,4,0,3,3,6,0,0,1,0,1,1,2,0,2,1,1,0,1,3,0,2,0,0,0,3,1,0,0,0,0,0,0,0,0,0,1,0,0,0,0,0,0,2,5,15,28,44,69,90,108,142,177,207,231,254,282,301,321,344,363,386,405,417,436,451,463,470,481,495,508,514,520,525,526,526,527,529,531,534,538,538,538,538,538,538,538,539,539,539,539,539,539,539,539,539,539,539,539,539,540,541,542,543,543,545,547,547,548,548,550,550,550,550,554,555,557,558,559,560,560,560,560,560,560,560,560,560,560,560,560,561,561,561,561,561,561,561,561,561,561,561,561,561,561,561,561,561,561,561,561,561,561,561,561,561,561,561,561,561,561,561,561,561,561,563,563,563,564,564,564,564,564,564,564,575,577,577,577,578,578,578,581,582,582,582,582,583,583,587,588,589,589,589,589,589,589,589,589,589,589,589,589,592,595,595,595,595,595,596,596,598,598,599,599,599,599,599,599,599,599,599,599,599,602,603,603,603,603,603,603,604,604,604,604,604,604,608,608,609,610,610,611,611,611,615,615,616,618,619,623,624,626,626,626,627,628,628,628,631,635,640,644,648,650,652,652,652,653,655,656,656,656,658,0,664,664,665,665,665,666,670,670,670,672,672,672,672,675,675,676,685,688,688,691,691,692,693,698,701,704,707,707,713,713,718,721,722,723,723,723,723,724,725,725,728,731,733,733,733,733,734,736,737,737,739,743,744,746,754,757,757,761,767,769,773,776,778,778,783,783,783,783,792,792,792,796,796,796,797,800,800,800,801,802,803,806,808,808,808,808,811,0,812,820,822,822,826,826,829,832,838,838,838,839,839,840,841,843,843,845,846,847,847,848,851,851,853,853,853,853,856,857,857,857,857,857,857,857,857,857,857,858,223612
Guizhou,0,0,0,0,0,0,0,3,0,1,1,2,2,0,3,3,14,9,8,10,8,5,8,12,7,13,9,13,4,5,3,1,2,0,0,0,0,0,0,0,0,0,0,0,0,0,0,0,0,0,0,0,0,0,0,0,0,0,0,0,0,0,0,0,0,0,0,0,0,0,0,0,0,1,0,0,0,0,0,0,0,0,0,0,0,0,0,0,0,0,0,0,0,0,0,0,0,0,0,0,0,0,0,0,0,0,0,0,0,0,0,0,0,0,0,0,0,0,0,0,0,0,0,0,0,0,0,0,0,0,0,0,0,0,0,0,0,0,0,0,0,0,0,0,0,0,0,0,0,0,0,0,0,0,0,0,0,0,0,0,0,0,0,0,0,0,0,0,0,0,0,0,0,0,0,0,0,0,0,0,0,0,0,0,0,0,0,0,0,0,0,0,0,0,0,0,0,0,0,0,0,0,0,0,0,0,0,0,0,0,0,0,0,0,0,0,0,0,0,0,0,0,0,0,0,0,0,0,0,0,0,0,0,0,0,0,0,-147,147,0,0,0,0,0,0,0,0,0,0,0,0,0,0,0,0,0,0,0,0,0,0,0,0,0,0,0,0,0,0,0,0,0,0,0,0,0,0,0,0,0,0,0,0,0,0,0,0,0,0,0,0,0,0,0,0,0,0,0,0,0,0,0,0,0,0,0,0,0,0,0,0,0,0,0,0,0,0,0,0,0,0,0,0,0,0,-147,147,0,0,0,0,0,0,0,0,0,0,0,0,0,0,0,0,0,0,0,0,0,0,0,0,0,0,0,0,0,0,0,0,0,0,0,0,0,0,0,0,0,0,0,0,0,0,3,3,4,5,7,9,9,12,15,29,38,46,56,64,69,77,89,96,109,118,131,135,140,143,144,146,146,146,146,146,146,146,146,146,146,146,146,146,146,146,146,146,146,146,146,146,146,146,146,146,146,146,146,146,146,146,146,146,146,146,146,146,146,146,146,146,147,147,147,147,147,147,147,147,147,147,147,147,147,147,147,147,147,147,147,147,147,147,147,147,147,147,147,147,147,147,147,147,147,147,147,147,147,147,147,147,147,147,147,147,147,147,147,147,147,147,147,147,147,147,147,147,147,147,147,147,147,147,147,147,147,147,147,147,147,147,147,147,147,147,147,147,147,147,147,147,147,147,147,147,147,147,147,147,147,147,147,147,147,147,147,147,147,147,147,147,147,147,147,147,147,147,147,147,147,147,147,147,147,147,147,147,147,147,147,147,147,147,147,147,147,147,147,147,147,147,147,147,147,147,147,147,147,147,147,147,147,147,147,147,147,147,147,147,147,147,147,147,147,147,147,147,147,147,147,147,147,147,147,147,0,147,147,147,147,147,147,147,147,147,147,147,147,147,147,147,147,147,147,147,147,147,147,147,147,147,147,147,147,147,147,147,147,147,147,147,147,147,147,147,147,147,147,147,147,147,147,147,147,147,147,147,147,147,147,147,147,147,147,147,147,147,147,147,147,147,147,147,147,147,147,147,147,147,147,147,147,147,147,147,147,147,147,147,147,147,147,147,0,147,147,147,147,147,147,147,147,147,147,147,147,147,147,147,147,147,147,147,147,147,147,147,147,147,147,147,147,147,147,147,147,147,147,147,147,147,147,147,147,50461
Yunnan,0,0,0,0,0,0,1,-1,2,3,6,8,25,7,19,10,11,8,10,8,5,6,7,3,2,1,8,5,1,7,6,1,2,1,0,0,2,0,0,0,0,0,0,0,0,0,0,0,0,0,0,0,0,0,0,0,0,0,0,0,1,1,0,0,0,0,0,0,0,0,2,2,0,0,0,1,1,1,1,0,0,0,0,0,0,0,0,0,0,0,0,0,0,0,0,0,0,0,0,0,1,0,0,0,0,0,0,0,0,0,0,0,0,0,0,0,0,0,0,0,0,0,0,0,0,0,0,0,0,0,0,0,0,0,0,0,0,0,0,0,0,0,0,0,0,0,0,0,0,0,0,0,0,0,0,0,0,0,0,0,0,0,0,0,0,0,0,0,0,0,1,0,0,0,0,1,0,0,0,0,0,0,1,0,0,0,0,0,0,1,0,0,0,0,0,1,0,1,0,0,0,0,0,0,0,0,0,0,0,0,0,0,0,0,0,4,0,0,0,0,0,0,3,0,1,0,0,0,0,0,0,0,0,0,2,0,0,-201,201,0,0,0,2,1,1,1,0,0,0,2,1,0,0,0,0,0,0,0,0,0,0,0,2,0,0,0,0,0,0,0,0,0,0,0,0,0,0,0,0,0,0,0,0,0,0,0,0,0,1,1,0,0,0,0,0,1,0,0,0,0,0,0,0,0,3,0,0,0,0,0,0,0,0,0,0,0,0,1,1,0,0,0,0,0,0,-219,221,0,0,0,1,1,1,0,0,2,0,1,0,0,0,0,0,0,0,2,0,0,0,0,0,1,0,0,0,0,0,0,0,0,0,1,0,0,0,0,0,0,0,0,0,0,1,0,2,5,11,19,44,51,70,80,91,99,109,117,122,128,135,138,140,141,149,154,155,162,168,169,171,172,172,172,174,174,174,174,174,174,174,174,174,174,174,174,174,174,174,174,174,174,174,174,174,174,174,174,175,176,176,176,176,176,176,176,176,176,178,180,180,180,180,181,182,183,184,184,184,184,184,184,184,184,184,184,184,184,184,184,184,184,184,184,184,184,184,184,185,185,185,185,185,185,185,185,185,185,185,185,185,185,185,185,185,185,185,185,185,185,185,185,185,185,185,185,185,185,185,185,185,185,185,185,185,185,185,185,185,185,185,185,185,185,185,185,185,185,185,185,185,185,185,185,185,185,185,185,185,185,185,185,185,185,185,185,185,185,186,186,186,186,186,187,187,187,187,187,187,187,188,188,188,188,188,188,188,189,189,189,189,189,189,190,190,191,191,191,191,191,191,191,191,191,191,191,191,191,191,191,191,191,191,195,195,195,195,195,195,195,198,198,199,199,199,199,199,199,199,199,199,199,201,201,201,0,201,201,201,201,203,204,205,206,206,206,206,208,209,209,209,209,209,209,209,209,209,209,209,209,211,211,211,211,211,211,211,211,211,211,211,211,211,211,211,211,211,211,211,211,211,211,211,211,211,211,212,213,213,213,213,213,213,214,214,214,214,214,214,214,214,214,217,217,217,217,217,217,217,217,217,217,217,217,217,218,219,219,219,219,219,219,219,0,221,221,221,221,222,223,224,224,224,226,226,227,227,227,227,227,227,227,227,229,229,229,229,229,229,230,230,230,230,230,230,230,230,230,230,231,231,231,231,231,68144
Xizang,0,0,0,0,0,0,0,0,0,0,0,0,0,0,1,0,0,0,0,0,0,0,0,0,0,0,0,0,0,0,0,0,0,0,0,0,0,0,0,0,0,0,0,0,0,0,0,0,0,0,0,0,0,0,0,0,0,0,0,0,0,0,0,0,0,0,0,0,0,0,0,0,0,0,0,0,0,0,0,0,0,0,0,0,0,0,0,0,0,0,0,0,0,0,0,0,0,0,0,0,0,0,0,0,0,0,0,0,0,0,0,0,0,0,0,0,0,0,0,0,0,0,0,0,0,0,0,0,0,0,0,0,0,0,0,0,0,0,0,0,0,0,0,0,0,0,0,0,0,0,0,0,0,0,0,0,0,0,0,0,0,0,0,0,0,0,0,0,0,0,0,0,0,0,0,0,0,0,0,0,0,0,0,0,0,0,0,0,0,0,0,0,0,0,0,0,0,0,0,0,0,0,0,0,0,0,0,0,0,0,0,0,0,0,0,0,0,0,0,0,0,0,0,0,0,0,0,0,0,0,0,0,0,0,0,0,0,-1,1,0,0,0,0,0,0,0,0,0,0,0,0,0,0,0,0,0,0,0,0,0,0,0,0,0,0,0,0,0,0,0,0,0,0,0,0,0,0,0,0,0,0,0,0,0,0,0,0,0,0,0,0,0,0,0,0,0,0,0,0,0,0,0,0,0,0,0,0,0,0,0,0,0,0,0,0,0,0,0,0,0,0,0,0,0,0,-1,1,0,0,0,0,0,0,0,0,0,0,0,0,0,0,0,0,0,0,0,0,0,0,0,0,0,0,0,0,0,0,0,0,0,0,0,0,0,0,0,0,0,0,0,0,0,0,0,0,0,0,0,0,0,1,1,1,1,1,1,1,1,1,1,1,1,1,1,1,1,1,1,1,1,1,1,1,1,1,1,1,1,1,1,1,1,1,1,1,1,1,1,1,1,1,1,1,1,1,1,1,1,1,1,1,1,1,1,1,1,1,1,1,1,1,1,1,1,1,1,1,1,1,1,1,1,1,1,1,1,1,1,1,1,1,1,1,1,1,1,1,1,1,1,1,1,1,1,1,1,1,1,1,1,1,1,1,1,1,1,1,1,1,1,1,1,1,1,1,1,1,1,1,1,1,1,1,1,1,1,1,1,1,1,1,1,1,1,1,1,1,1,1,1,1,1,1,1,1,1,1,1,1,1,1,1,1,1,1,1,1,1,1,1,1,1,1,1,1,1,1,1,1,1,1,1,1,1,1,1,1,1,1,1,1,1,1,1,1,1,1,1,1,1,1,1,1,1,1,1,1,1,1,1,1,1,1,1,1,1,1,1,1,1,1,1,1,1,1,1,1,1,1,1,1,1,1,0,1,1,1,1,1,1,1,1,1,1,1,1,1,1,1,1,1,1,1,1,1,1,1,1,1,1,1,1,1,1,1,1,1,1,1,1,1,1,1,1,1,1,1,1,1,1,1,1,1,1,1,1,1,1,1,1,1,1,1,1,1,1,1,1,1,1,1,1,1,1,1,1,1,1,1,1,1,1,1,1,1,1,1,1,1,1,1,0,1,1,1,1,1,1,1,1,1,1,1,1,1,1,1,1,1,1,1,1,1,1,1,1,1,1,1,1,1,1,1,1,1,1,1,1,1,1,1,1,351
Shaanxi,0,0,0,0,0,0,0,4,1,10,7,13,11,10,7,24,14,15,12,14,23,8,11,0,11,13,5,6,6,4,1,2,4,4,0,2,3,0,0,0,0,0,0,0,0,0,0,0,0,0,0,0,0,0,0,0,0,0,0,0,0,1,0,0,1,0,1,0,0,2,0,3,0,0,0,0,0,2,0,0,1,0,0,0,0,0,0,0,0,0,0,0,0,0,0,0,0,21,2,0,0,7,0,0,20,0,0,0,0,0,0,0,2,0,0,0,0,0,0,0,0,0,0,0,0,0,0,0,0,0,0,0,0,0,0,0,0,0,1,0,0,0,0,0,2,0,0,0,0,0,0,2,0,0,1,0,0,0,2,1,0,2,0,0,0,1,0,0,0,0,0,0,0,1,0,0,0,0,0,0,0,0,0,0,1,0,0,0,0,0,1,0,0,0,0,0,0,1,0,0,2,0,0,1,1,0,0,0,3,9,1,0,5,2,3,3,2,2,0,0,2,2,0,2,0,0,0,0,0,1,0,0,6,2,1,3,0,-377,378,0,1,1,1,0,0,1,2,13,2,0,2,0,0,1,0,1,0,3,0,2,1,1,1,2,0,1,0,11,0,3,0,0,0,3,2,0,1,2,2,0,0,0,0,3,1,2,3,6,1,0,0,1,0,0,1,3,0,4,9,6,1,1,2,1,1,2,1,0,0,0,3,0,2,1,2,1,0,1,0,1,0,1,0,2,0,-501,502,0,0,0,0,0,0,0,0,0,0,0,0,0,2,0,0,0,0,0,1,0,0,0,0,1,1,1,8,0,3,2,0,0,0,1,1,1,0,0,0,0,0,0,0,0,0,4,5,15,22,35,46,56,63,87,101,116,128,142,165,173,184,184,195,208,213,219,225,229,230,232,236,240,240,242,245,245,245,245,245,245,245,245,245,245,245,245,245,245,245,245,245,245,245,245,245,245,245,245,245,246,246,246,247,247,248,248,248,250,250,253,253,253,253,253,253,255,255,255,256,256,256,256,256,256,256,256,256,256,256,256,256,256,256,256,256,277,279,279,279,286,286,286,306,306,306,306,306,306,306,306,308,308,308,308,308,308,308,308,308,308,308,308,308,308,308,308,308,308,308,308,308,308,308,308,308,308,309,309,309,309,309,309,311,311,311,311,311,311,311,313,313,313,314,314,314,314,316,317,317,319,319,319,319,320,320,320,320,320,320,320,320,321,321,321,321,321,321,321,321,321,321,321,322,322,322,322,322,322,323,323,323,323,323,323,323,324,324,324,326,326,326,327,328,328,328,328,331,340,341,341,346,348,351,354,356,358,358,358,360,362,362,364,364,364,364,364,364,365,365,365,371,373,374,377,377,0,378,378,379,380,381,381,381,382,384,397,399,399,401,401,401,402,402,403,403,406,406,408,409,410,411,413,413,414,414,425,425,428,428,428,428,431,433,433,434,436,438,438,438,438,438,441,442,444,447,453,454,454,454,455,455,455,456,459,459,463,472,478,479,480,482,483,484,486,487,487,487,487,490,490,492,493,495,496,496,497,497,498,498,499,499,501,501,0,502,502,502,502,502,502,502,502,502,502,502,502,502,502,504,504,504,504,504,504,505,505,505,505,505,506,507,508,516,516,519,521,521,521,521,522,523,524,524,524,123995
Gansu,0,0,0,0,0,0,0,0,2,2,3,7,5,5,2,3,6,5,11,4,2,5,5,4,8,4,3,0,1,3,0,0,0,1,0,0,0,0,0,0,0,0,0,0,0,0,0,0,0,0,11,17,1,4,0,1,2,0,2,3,1,0,0,0,1,0,0,2,0,0,0,0,0,0,2,0,0,0,0,0,0,1,0,0,0,0,0,0,0,0,0,0,0,0,0,0,0,0,0,0,0,0,0,0,0,0,0,0,0,0,0,0,0,0,0,0,0,0,0,0,0,0,0,0,0,0,0,0,0,0,0,0,0,0,0,0,0,0,0,0,0,0,0,0,0,0,0,0,0,0,0,0,0,0,11,1,0,0,0,7,0,3,0,0,2,0,1,0,0,0,0,0,3,0,0,0,0,0,0,0,0,0,0,0,0,0,0,0,0,0,0,0,0,0,0,0,0,0,0,0,0,0,0,0,0,0,0,0,2,0,0,0,0,0,0,0,0,0,0,0,0,0,0,0,0,0,0,0,0,0,0,0,0,0,1,0,0,-170,170,0,0,0,0,0,0,0,0,0,0,0,0,0,0,0,0,0,0,0,0,0,0,0,0,0,0,0,0,0,0,0,0,0,0,0,0,0,0,0,0,0,0,0,0,0,0,0,0,0,0,0,7,3,0,0,0,0,0,0,0,0,0,0,1,0,0,0,0,0,0,0,0,0,0,0,0,0,0,0,1,0,0,0,0,0,0,-182,182,0,0,0,0,0,0,0,0,0,0,0,0,0,0,0,0,0,0,0,0,0,0,0,0,0,0,0,0,0,0,0,0,0,0,0,0,0,0,0,0,0,0,0,0,0,0,0,2,4,7,14,19,24,26,29,35,40,51,55,57,62,67,71,79,83,86,86,87,90,90,90,90,91,91,91,91,91,91,91,91,91,91,91,91,91,91,91,91,91,102,119,120,124,124,125,127,127,129,132,133,133,133,133,134,134,134,136,136,136,136,136,136,136,138,138,138,138,138,138,138,139,139,139,139,139,139,139,139,139,139,139,139,139,139,139,139,139,139,139,139,139,139,139,139,139,139,139,139,139,139,139,139,139,139,139,139,139,139,139,139,139,139,139,139,139,139,139,139,139,139,139,139,139,139,139,139,139,139,139,139,139,139,139,139,139,139,139,139,139,139,139,139,139,150,151,151,151,151,158,158,161,161,161,163,163,164,164,164,164,164,164,167,167,167,167,167,167,167,167,167,167,167,167,167,167,167,167,167,167,167,167,167,167,167,167,167,167,167,167,167,167,167,167,167,167,167,167,169,169,169,169,169,169,169,169,169,169,169,169,169,169,169,169,169,169,169,169,169,169,169,169,169,169,170,170,170,0,170,170,170,170,170,170,170,170,170,170,170,170,170,170,170,170,170,170,170,170,170,170,170,170,170,170,170,170,170,170,170,170,170,170,170,170,170,170,170,170,170,170,170,170,170,170,170,170,170,170,170,170,177,180,180,180,180,180,180,180,180,180,180,180,181,181,181,181,181,181,181,181,181,181,181,181,181,181,181,181,182,182,182,182,182,182,182,0,182,182,182,182,182,182,182,182,182,182,182,182,182,182,182,182,182,182,182,182,182,182,182,182,182,182,182,182,182,182,182,182,182,182,182,182,182,182,182,182,53527
Qinghai,0,0,0,0,0,0,0,0,0,0,1,3,2,0,0,2,1,0,4,2,2,1,0,0,0,0,0,0,0,0,0,0,0,0,0,0,0,0,0,0,0,0,0,0,0,0,0,0,0,0,0,0,0,0,0,0,0,0,0,0,0,0,0,0,0,0,0,0,0,0,0,0,0,0,0,0,0,0,0,0,0,0,0,0,0,0,0,0,0,0,0,0,0,0,0,0,0,0,0,0,0,0,0,0,0,0,0,0,0,0,0,0,0,0,0,0,0,0,0,0,0,0,0,0,0,0,0,0,0,0,0,0,0,0,0,0,0,0,0,0,0,0,0,0,0,0,0,0,0,0,0,0,0,0,0,0,0,0,0,0,0,0,0,0,0,0,0,0,0,0,0,0,0,0,0,0,0,0,0,0,0,0,0,0,0,0,0,0,0,0,0,0,0,0,0,0,0,0,0,0,0,0,0,0,0,0,0,0,0,0,0,0,0,0,0,0,0,0,0,0,0,0,0,0,0,0,0,0,0,0,0,0,0,0,0,0,0,-18,18,0,0,0,0,0,0,0,0,0,0,0,0,0,0,0,0,0,0,0,0,0,0,0,0,0,0,0,0,0,0,0,0,0,0,0,0,0,0,0,0,0,0,0,0,0,0,0,0,0,0,0,0,0,0,0,0,0,0,0,0,0,0,0,0,0,0,0,0,0,0,0,0,0,0,0,0,0,0,0,0,0,0,0,0,0,0,-18,18,0,0,0,0,0,0,0,0,0,0,0,0,0,0,0,0,0,0,0,0,0,0,0,0,0,0,0,0,0,0,0,0,0,0,0,0,0,0,0,0,0,0,0,0,0,0,0,0,0,1,4,6,6,6,8,9,9,13,15,17,18,18,18,18,18,18,18,18,18,18,18,18,18,18,18,18,18,18,18,18,18,18,18,18,18,18,18,18,18,18,18,18,18,18,18,18,18,18,18,18,18,18,18,18,18,18,18,18,18,18,18,18,18,18,18,18,18,18,18,18,18,18,18,18,18,18,18,18,18,18,18,18,18,18,18,18,18,18,18,18,18,18,18,18,18,18,18,18,18,18,18,18,18,18,18,18,18,18,18,18,18,18,18,18,18,18,18,18,18,18,18,18,18,18,18,18,18,18,18,18,18,18,18,18,18,18,18,18,18,18,18,18,18,18,18,18,18,18,18,18,18,18,18,18,18,18,18,18,18,18,18,18,18,18,18,18,18,18,18,18,18,18,18,18,18,18,18,18,18,18,18,18,18,18,18,18,18,18,18,18,18,18,18,18,18,18,18,18,18,18,18,18,18,18,18,18,18,18,18,18,18,18,18,18,18,18,18,18,18,18,18,18,18,18,18,18,0,18,18,18,18,18,18,18,18,18,18,18,18,18,18,18,18,18,18,18,18,18,18,18,18,18,18,18,18,18,18,18,18,18,18,18,18,18,18,18,18,18,18,18,18,18,18,18,18,18,18,18,18,18,18,18,18,18,18,18,18,18,18,18,18,18,18,18,18,18,18,18,18,18,18,18,18,18,18,18,18,18,18,18,18,18,18,18,0,18,18,18,18,18,18,18,18,18,18,18,18,18,18,18,18,18,18,18,18,18,18,18,18,18,18,18,18,18,18,18,18,18,18,18,18,18,18,18,18,6286
Ningxia,0,0,0,0,0,0,0,1,1,1,1,3,4,1,5,4,5,2,3,3,0,6,3,1,1,4,4,5,6,3,3,0,0,0,1,0,0,0,0,0,0,0,1,0,1,0,0,1,0,1,0,0,0,0,0,0,0,0,0,0,0,0,0,0,0,0,0,0,0,0,0,0,0,0,0,0,0,0,0,0,0,0,0,0,0,0,0,0,0,0,0,0,0,0,0,0,0,0,0,0,0,0,0,0,0,0,0,0,0,0,0,0,0,0,0,0,0,0,0,0,0,0,0,0,0,0,0,0,0,0,0,0,0,0,0,0,0,0,0,0,0,0,0,0,0,0,0,0,0,0,0,0,0,0,0,0,0,0,0,0,0,0,0,0,0,0,0,0,0,0,0,0,0,0,0,0,0,0,0,0,0,0,0,0,0,0,0,0,0,0,0,0,0,0,0,0,0,0,0,0,0,0,0,0,0,0,0,0,0,0,0,0,0,0,0,0,0,0,0,0,0,0,0,0,0,0,0,0,0,0,0,0,0,0,0,0,0,-75,75,0,0,0,0,0,0,0,0,0,0,0,0,0,0,0,0,0,0,0,0,0,0,0,0,0,0,0,0,0,0,0,0,0,0,0,0,0,0,0,0,0,0,0,0,0,0,0,0,0,0,0,0,0,0,0,0,0,0,0,0,0,0,0,0,0,0,0,0,0,0,0,0,0,0,0,0,0,0,0,0,0,0,0,0,0,0,-75,75,0,0,0,0,0,0,0,0,0,0,0,0,0,0,0,0,0,0,0,0,0,0,0,0,0,0,0,0,0,0,0,0,0,0,0,0,0,0,0,0,0,0,0,0,0,0,1,2,3,4,7,11,12,17,21,26,28,31,34,34,40,43,44,45,49,53,58,64,67,70,70,70,70,71,71,71,71,71,71,71,71,72,72,73,73,73,74,74,75,75,75,75,75,75,75,75,75,75,75,75,75,75,75,75,75,75,75,75,75,75,75,75,75,75,75,75,75,75,75,75,75,75,75,75,75,75,75,75,75,75,75,75,75,75,75,75,75,75,75,75,75,75,75,75,75,75,75,75,75,75,75,75,75,75,75,75,75,75,75,75,75,75,75,75,75,75,75,75,75,75,75,75,75,75,75,75,75,75,75,75,75,75,75,75,75,75,75,75,75,75,75,75,75,75,75,75,75,75,75,75,75,75,75,75,75,75,75,75,75,75,75,75,75,75,75,75,75,75,75,75,75,75,75,75,75,75,75,75,75,75,75,75,75,75,75,75,75,75,75,75,75,75,75,75,75,75,75,75,75,75,75,75,75,75,75,75,75,75,75,75,75,75,75,75,75,75,75,75,75,75,75,75,75,75,75,75,0,75,75,75,75,75,75,75,75,75,75,75,75,75,75,75,75,75,75,75,75,75,75,75,75,75,75,75,75,75,75,75,75,75,75,75,75,75,75,75,75,75,75,75,75,75,75,75,75,75,75,75,75,75,75,75,75,75,75,75,75,75,75,75,75,75,75,75,75,75,75,75,75,75,75,75,75,75,75,75,75,75,75,75,75,75,75,75,0,75,75,75,75,75,75,75,75,75,75,75,75,75,75,75,75,75,75,75,75,75,75,75,75,75,75,75,75,75,75,75,75,75,75,75,75,75,75,75,75,25753
Xinjiang,0,0,0,0,0,0,0,0,2,1,1,1,5,3,1,3,1,3,3,5,3,4,3,3,3,4,6,4,4,2,5,1,4,1,0,0,0,0,0,0,0,0,0,0,0,0,0,0,0,0,0,0,0,0,0,0,0,0,0,0,0,0,0,0,0,0,0,0,0,0,0,0,0,0,0,0,0,0,0,0,0,0,0,0,0,0,0,0,0,0,0,0,0,0,0,0,0,0,0,0,0,0,0,0,0,0,0,0,0,0,0,0,0,0,0,0,0,0,0,0,0,0,0,0,0,0,0,0,0,0,0,0,0,0,0,0,0,0,0,0,0,0,0,0,0,0,0,0,0,0,0,0,0,0,0,0,0,0,0,0,0,0,0,0,0,0,0,0,0,0,0,0,0,0,0,0,0,0,0,0,0,0,0,1,5,11,13,17,8,9,18,13,20,22,41,57,89,96,112,31,29,28,28,22,27,26,25,15,14,13,9,8,8,7,4,0,0,0,0,0,0,0,0,0,0,0,0,0,0,0,0,0,0,0,0,0,0,-902,902,0,0,0,0,0,0,0,0,0,0,0,0,0,0,0,0,0,0,0,0,0,0,0,0,0,0,0,0,0,0,0,0,0,0,0,0,0,0,0,0,0,0,0,0,0,0,0,22,23,0,6,3,3,5,2,8,0,6,0,0,0,0,0,0,0,0,0,0,0,0,0,0,0,0,0,0,0,0,0,0,0,0,0,0,0,0,-980,980,0,0,0,0,0,0,0,0,0,0,0,0,0,0,0,0,0,0,0,0,0,0,0,0,0,0,0,0,0,0,0,0,0,0,0,0,0,0,0,0,0,0,0,0,0,0,0,2,3,4,5,10,13,14,17,18,21,24,29,32,36,39,42,45,49,55,59,63,65,70,71,75,76,76,76,76,76,76,76,76,76,76,76,76,76,76,76,76,76,76,76,76,76,76,76,76,76,76,76,76,76,76,76,76,76,76,76,76,76,76,76,76,76,76,76,76,76,76,76,76,76,76,76,76,76,76,76,76,76,76,76,76,76,76,76,76,76,76,76,76,76,76,76,76,76,76,76,76,76,76,76,76,76,76,76,76,76,76,76,76,76,76,76,76,76,76,76,76,76,76,76,76,76,76,76,76,76,76,76,76,76,76,76,76,76,76,76,76,76,76,76,76,76,76,76,76,76,76,76,76,76,76,76,76,76,76,76,76,76,76,76,76,76,76,76,76,76,76,76,76,76,76,77,82,93,106,123,131,140,158,171,191,213,254,311,400,496,608,639,668,696,724,746,773,799,824,839,853,866,875,883,891,898,902,902,902,902,902,902,902,902,902,902,902,902,902,902,902,902,902,902,902,902,902,902,902,0,902,902,902,902,902,902,902,902,902,902,902,902,902,902,902,902,902,902,902,902,902,902,902,902,902,902,902,902,902,902,902,902,902,902,902,902,902,902,902,902,902,902,902,902,902,902,902,902,924,947,947,953,956,959,964,966,974,974,980,980,980,980,980,980,980,980,980,980,980,980,980,980,980,980,980,980,980,980,980,980,980,980,980,980,980,980,980,0,980,980,980,980,980,980,980,980,980,980,980,980,980,980,980,980,980,980,980,980,980,980,980,980,980,980,980,980,980,980,980,980,980,980,980,980,980,980,980,980,169995